customer_id,order_id,address
1,1,"207 Matthew Prairie
New Jenniferborough, ID 58118"
2,2,"81018 Donna Road Suite 755
New Thomas, ID 47114"
3,3,"79813 Fitzpatrick Vista Suite 801
Cummingshaven, PA 49241"
4,4,"4271 Hughes Dale Apt. 498
North Ronald, AL 56062"
5,5,"0840 Nicholas Roads Suite 904
Lake Elijah, VA 08637"
6,6,"91686 David Mall
North Paul, MO 16402"
7,7,"6118 Mark Ports
Williamborough, MN 91348"
8,8,"Unit 1033 Box 3428
DPO AP 44833"
9,9,"25946 Smith Freeway
East Amychester, OR 67249"
10,10,"376 Savage Trafficway Suite 478
West Francesside, WI 35522"
11,11,"8184 Donaldson Spur Apt. 978
Watsonbury, KS 86049"
12,12,"8154 Monica Corners
Port Patrickmouth, MT 01640"
13,13,"44745 Timothy Viaduct Apt. 774
Mayerstad, MS 16233"
14,14,"6638 Mcdonald Pass
Benderberg, MO 64361"
15,15,"718 Hendricks Mountain
Bethfort, IN 80297"
16,16,"567 Harvey Curve
Juliestad, MO 33796"
17,17,"760 Daniels Union
Jacksonland, TN 20455"
18,18,"066 Stacy Circles Suite 601
West Davidfort, OH 08197"
19,19,"33435 Justin Vista Suite 342
South Michael, CA 98200"
20,20,"0489 Isaac Expressway Apt. 023
Briannachester, VA 04217"
21,21,"400 Vazquez Path
Garzastad, SC 65378"
22,22,"96604 Johnson Rapid
New Steven, MA 59425"
23,23,"32963 Johnson Wells Suite 869
East Patrick, NH 56656"
24,24,"00957 Thompson Bridge Suite 852
East Sarahtown, MD 78937"
25,25,"49362 Miller Shoal Apt. 045
North Donna, KY 55288"
26,26,"786 Katrina Forks
Breannafurt, ND 73161"
27,27,"81575 Martin Camp Apt. 012
South Charles, MI 66438"
28,28,"76634 Samantha Ferry Apt. 362
Cohenstad, AZ 52155"
29,29,"5787 Amber Corner
Lake Sheila, VT 31360"
30,30,"730 Reed Valleys Suite 672
Jacksonton, VT 99313"
31,31,"807 Desiree Plains Apt. 677
West Steven, AL 11870"
32,32,"19411 Elizabeth Well
Murphyburgh, CT 92187"
33,33,"705 Sarah Brook
Bauermouth, WV 15219"
34,34,"096 Deleon Extensions
Emilyburgh, AZ 22229"
35,35,"4209 James Islands Apt. 124
Davisberg, VT 77377"
36,36,"658 Brittany Throughway
North Yvette, NJ 79222"
37,37,"75913 Jimenez Vista
South Joshua, WA 57036"
38,38,"975 Steve Ports Suite 030
Hillchester, NY 47606"
39,39,"483 Michael Loaf
New Sandraton, VT 93885"
40,40,"551 Hawkins Squares Apt. 006
New Gregoryport, IN 18285"
41,41,"57542 Horton Parks Suite 380
Leetown, ND 68334"
42,42,"23640 Carroll Locks
Richardshire, AL 58633"
43,43,"329 Kemp Estate Suite 384
Reeveston, MO 74939"
44,44,"17918 Kline Shoals Suite 197
New James, WI 03847"
45,45,"601 Morris Islands
West Brittanyburgh, WI 42953"
46,46,"131 David Mount
Goldenstad, UT 89297"
47,47,"969 Morales Extensions Apt. 274
East Jeff, MT 94117"
48,48,"0744 Abigail Dale
Moniquefurt, AK 63554"
49,49,"242 Heather Bypass
West Kevin, NJ 22890"
50,50,"Unit 8875 Box 7011
DPO AA 54567"
51,51,"4002 Christopher Camp
Williamside, OR 87708"
52,52,"445 Mary Islands Suite 373
South Olivia, HI 00655"
53,53,"6516 Jennifer Dale
South Jamestown, NC 26863"
54,54,"71942 Kathleen Causeway
Scottberg, IL 62648"
55,55,"Unit 8036 Box 9590
DPO AP 74125"
56,56,"0259 Joseph Views Suite 104
Mitchellmouth, PA 09607"
57,57,"830 Marsh Turnpike Apt. 557
Patrickland, OK 94100"
58,58,"PSC 8502, Box 3014
APO AA 29696"
59,59,"87992 James Ridge Suite 626
South Matthewshire, NY 62097"
60,60,"USNS Rosales
FPO AP 60123"
61,61,"90166 Hunter Camp
Elizabethview, WI 38832"
62,62,"8217 Cabrera Gardens Apt. 347
Cindymouth, GA 42429"
63,63,"319 Martin Corner
South Jonathanburgh, CA 84960"
64,64,"0246 Cheryl Roads
New Travisview, DE 37893"
65,65,"PSC 0247, Box 1146
APO AE 99834"
66,66,"954 Richard Burg
South Frederick, WY 31530"
67,67,"5814 Joan Branch Suite 617
Hillville, AZ 06110"
68,68,"871 Elizabeth Street Apt. 766
West Rebeccastad, IL 91488"
69,69,"473 Felicia Meadows
South Kenneth, SC 34239"
70,70,"98220 Sheila Corner
Markshire, RI 10958"
71,71,"99852 Norris Plain Apt. 396
Port Chelseastad, OK 01684"
72,72,"134 Victoria Grove Apt. 713
Thomasville, OH 97197"
73,73,"40619 Jamie Route Apt. 855
West Lindsay, AK 53127"
74,74,"948 Kellie Shore Apt. 691
West Ashley, ME 67991"
75,75,"50261 Taylor Falls
East Mitchell, WV 49992"
76,76,"711 Amber Crossroad Apt. 146
West Matthew, CT 68973"
77,77,"5994 Betty Lights
Kellyberg, MS 61554"
78,78,"USCGC Wilson
FPO AP 35221"
79,79,"93385 Lydia Course Suite 288
East Angelaton, AL 10299"
80,80,"0278 David Islands
Port Charles, MN 35282"
81,81,"22994 Rodriguez Field Suite 781
Deannashire, NH 67780"
82,82,"22704 Cindy Fords Suite 427
Davismouth, SD 58185"
83,83,"858 Soto Fall Apt. 562
North Dianemouth, GA 90744"
84,84,"92277 Jillian Prairie
Lake Roger, KS 78102"
85,85,"02782 Martinez Point Apt. 148
New Juanfurt, TX 97182"
86,86,"616 Connie Mill Suite 560
Ryanland, OH 12909"
87,87,"9192 Graham Crest
East Michael, WA 30463"
88,88,"389 Antonio Mount Apt. 573
Lake Ericfort, PA 37396"
89,89,"887 Brent Pass Suite 488
East Melissachester, MS 39260"
90,90,"Unit 5821 Box 8223
DPO AE 93796"
91,91,"95878 Stephenson Parkways
West Davidburgh, HI 97676"
92,92,"6644 Rodriguez Street Suite 661
East Rebecca, ND 71838"
93,93,"Unit 9601 Box 1081
DPO AE 92230"
94,94,"97573 Lopez Stream Apt. 167
South Michaelshire, LA 52364"
95,95,"54153 Diaz Brooks Suite 187
Bradleyberg, NH 75988"
96,96,"25098 Kirby Cliff
Lake Travis, DE 14621"
97,97,"Unit 4785 Box 5287
DPO AP 53959"
98,98,"25386 Maria Springs
West Wesley, DE 42394"
99,99,"860 Brianna Street Suite 286
Beckshire, MS 33716"
100,100,"1318 Kyle Gardens
South James, ND 93267"
101,101,"7145 Gibbs Ways Apt. 780
West Angela, RI 97048"
102,102,"61689 Brittany Way Apt. 195
Kruegerfort, ND 04183"
103,103,"4668 Shelley Mall
Sarahshire, AK 98464"
104,104,"4755 Griffin Land
Fieldsview, UT 56579"
105,105,"18855 Leslie Ports Suite 453
North Michael, VA 73465"
106,106,"39106 Davis Cliff
Ramosstad, KY 08873"
107,107,"0195 Bauer Shore
Davisborough, IA 82840"
108,108,"USS Riley
FPO AE 14481"
109,109,"08666 Hall Land
Kendraburgh, SC 98518"
110,110,"83215 Spencer Forges
Alanport, MN 56606"
111,111,"17574 Jason Pass
Joycefurt, MA 11585"
112,112,"5802 Douglas Rue Apt. 883
North Stevenchester, MN 39305"
113,113,"9362 Adam Turnpike Suite 342
South Stevenport, AK 05631"
114,114,"8253 Mitchell Streets
North Michaelchester, RI 53784"
115,115,"02705 Andrew Skyway Apt. 427
East Amber, WA 16697"
116,116,"PSC 5167, Box 0270
APO AP 36325"
117,117,"18962 Walsh Inlet
North Jaredfort, CA 22233"
118,118,"60552 Bernard Brook
Scottberg, ID 35148"
119,119,"4392 Dennis Trace
Lake Chaseberg, OR 48476"
120,120,"99314 Curtis Manor Apt. 269
Clarkborough, ME 17355"
121,121,"181 Kim Crossing Suite 322
Micheleview, CO 48399"
122,122,"930 Sweeney Rest
Gilmoreberg, ID 48329"
123,123,"0934 Martinez Stream Apt. 106
Robintown, MT 05853"
124,124,"3748 Campbell Land
Curryport, OK 79518"
125,125,"1100 Victoria Mall
Victorbury, GA 09636"
126,126,"9762 Jeffrey Route
Collinside, HI 74851"
127,127,"PSC 9742, Box 8850
APO AP 83631"
128,128,"69741 John Plains Apt. 065
North Ericland, GA 21679"
129,129,"7529 Charles Creek
Williamsview, DC 74061"
130,130,"27449 John Walk Apt. 014
Dennisfort, RI 78826"
131,131,"266 Jamie Path
Emilyhaven, CA 31068"
132,132,"33192 Watkins Ville
North Ronaldbury, AZ 89937"
133,133,"0750 Jason Branch Apt. 896
North Mary, MS 15825"
134,134,"PSC 5448, Box 9555
APO AE 20009"
135,135,"4942 Villarreal Camp
Powellmouth, WA 53984"
136,136,"24066 Mathews Shoals Suite 337
Lake Nicole, NC 73474"
137,137,"0080 Timothy Garden Suite 583
Port Andrewside, TX 50532"
138,138,"805 Andrea Passage
Port Robertland, CT 48838"
139,139,"0980 Amy Path Suite 733
Lake Kimberly, MD 61569"
140,140,"30705 Allison Common
East Kathryn, LA 82136"
141,141,"00360 Scott Ports
East Kim, TX 03717"
142,142,"70262 Bryan Spurs
Cardenaschester, UT 99577"
143,143,"61539 Smith Ranch Suite 614
Elizabethland, MN 82309"
144,144,"0562 Molly Ville Apt. 649
North Kevin, MO 78162"
145,145,"8915 Harris Land Apt. 298
Markmouth, ND 33721"
146,146,"008 Crawford Garden Suite 350
East Brian, CA 43325"
147,147,"987 Daniel Club Suite 776
Lake Rhonda, DE 71403"
148,148,"87012 Hernandez Radial Apt. 280
Crystalfurt, PA 85509"
149,149,"581 Smith Ways Suite 744
Lake Molly, CT 49035"
150,150,"29401 Daniel Spur Suite 386
Josephchester, SD 92285"
151,151,"47765 Cory Shores Apt. 545
Port Dawn, AK 05298"
152,152,"195 Courtney Villages
South Heather, NM 43677"
153,153,"3489 Hudson Isle Apt. 730
North Adamview, MD 70572"
154,154,"33216 Paige Mountain
Natashashire, CO 79625"
155,155,"6153 Kevin Trace
Hunterton, MO 73833"
156,156,"13469 Christie Ways Suite 735
Brucefurt, NJ 24026"
157,157,"72719 Reyes Flat
Flynnfurt, WY 28788"
158,158,"USCGC Richardson
FPO AE 75335"
159,159,"6003 Roger Stravenue
Gayport, ND 35609"
160,160,"Unit 6332 Box 6120
DPO AA 27361"
161,161,"61218 Robert Knoll Suite 288
Lake Stevenburgh, MN 38145"
162,162,"32941 Perkins Well Apt. 245
North Michelle, NV 82504"
163,163,"57830 Paula Alley Suite 122
Davidview, MI 58474"
164,164,"30009 Lindsey Camp
Lake Tiffany, OR 96855"
165,165,"47206 Maxwell Lane
Port Justin, MA 52794"
166,166,"079 Walls Forges
North Gina, VA 20287"
167,167,"Unit 7019 Box 1377
DPO AA 06278"
168,168,"8843 Lucas Centers
Joelhaven, NE 01668"
169,169,"3671 Gina Plaza Apt. 914
Kennethborough, GA 30737"
170,170,"36827 Butler Lane Suite 207
North Kelly, PA 80861"
171,171,"02526 Vasquez Island Apt. 850
Richardville, AR 31953"
172,172,"76285 Samuel Parks
Mccarthyshire, SD 10774"
173,173,"7560 Barnes Ridges Suite 272
North Samuelfort, MD 34424"
174,174,"74333 Robert Fork
Willisborough, MT 78362"
175,175,"090 Torres Island
Lake Christinaview, KY 26362"
176,176,"5972 Joshua Vista
North Patriciaside, MD 53829"
177,177,"1254 Dyer Ramp Suite 886
South Sandy, WI 08494"
178,178,"4548 Potter Junction
Laurastad, PA 59796"
179,179,"61941 Gomez Squares
Hansenfurt, SD 74681"
180,180,"138 Theresa Inlet
West Matthewton, MN 56269"
181,181,"3291 Campbell Spur Apt. 572
North Justin, ME 79572"
182,182,"636 Calderon Plain Suite 486
Bradleymouth, IL 21769"
183,183,"449 Whitney Manors
New Julieshire, AZ 11736"
184,184,"Unit 6493 Box 4511
DPO AP 43995"
185,185,"978 Andrea Crossroad
Adamberg, AR 18807"
186,186,"0630 White Shore
Ballardfurt, AL 99268"
187,187,"8387 Christie Lock
Jasonview, CT 79756"
188,188,"679 Williams Summit Suite 374
Lake Philip, WY 23955"
189,189,"69822 Yates Row Apt. 140
Hamiltonland, MI 61792"
190,190,"908 Rivera Island
West Ericview, MN 18641"
191,191,"5767 Medina Route
South Rachel, AL 20121"
192,192,"4653 Douglas Mission
Trevortown, DE 39233"
193,193,"89384 Bishop Avenue Suite 098
Lake Robert, SD 72821"
194,194,"713 Taylor Underpass
Port Erikville, ND 87809"
195,195,"8712 Curtis Path
North Antonioburgh, OH 16882"
196,196,"4137 Fitzpatrick Point
Port Brittanymouth, TX 35473"
197,197,"0986 Kimberly Mission
Adrianfort, NJ 63725"
198,198,"8062 Jennifer Forks
South Michelle, WI 77029"
199,199,"1585 Marvin Fork
North Vanessa, DC 89386"
200,200,"015 Mcconnell Views Suite 464
Rachelchester, KS 46990"
201,201,"653 Snyder Road Suite 184
Turnermouth, ME 30014"
202,202,"12072 Levine Landing Apt. 407
New Kimberlyland, DE 34332"
203,203,"844 Jessica Hollow Apt. 056
Montoyastad, TN 78153"
204,204,"974 Victoria Lake Suite 086
Lake Charlesland, MA 23873"
205,205,"62255 Jordan Brook
North Pedroside, MO 74412"
206,206,"6528 Amy Hollow
Port Markfort, UT 12634"
207,207,"863 Erik Mission
Ballshire, ID 59108"
208,208,"92671 Anthony Grove Apt. 220
Krystalshire, TN 75323"
209,209,"207 Sandra Point Apt. 345
Lake Karen, FL 34155"
210,210,"785 Porter Plains
East Mark, HI 14025"
211,211,"25464 Mackenzie Mount
Crosbyberg, IL 76118"
212,212,"USNV Martin
FPO AP 53808"
213,213,"9789 Peterson Flat
West Michaelview, KY 11400"
214,214,"932 Harris Fields
South Michael, IL 54619"
215,215,"4157 Mark Inlet Suite 924
West Jonathan, MN 32893"
216,216,"315 Barnes Circle
South Karatown, IN 88750"
217,217,"0777 Wendy Via
South Hannahburgh, NH 92579"
218,218,"252 Herrera Center Apt. 453
West Mario, PA 26443"
219,219,"PSC 8473, Box 2907
APO AP 35211"
220,220,"4523 Smith Plaza Suite 712
West Jerryside, DC 17976"
221,221,"3634 Lewis Crescent Apt. 327
South Paulton, DC 69937"
222,222,"87786 Daniel Pass
Mitchellhaven, OR 28447"
223,223,"43662 Robbins Fields
Kristinview, WY 92088"
224,224,"421 Patel Island
South Robinside, MO 17956"
225,225,"35778 Medina Ports Apt. 764
Barbarastad, MS 62967"
226,226,"PSC 1189, Box 1081
APO AP 86892"
227,227,"0696 Yolanda Ranch Suite 579
East Paul, OK 41477"
228,228,"9222 Gonzalez Trafficway Apt. 997
North Brianton, VA 87367"
229,229,"63370 Michael Run Suite 246
New Nicholas, HI 08955"
230,230,"7775 Adam Locks
Port James, KS 05108"
231,231,"2118 Katherine Tunnel
North Brianburgh, NC 42463"
232,232,"2364 David Inlet Apt. 779
Port Kimberly, VT 54630"
233,233,"41617 Mary Lane
Port Loganberg, LA 36314"
234,234,"475 Villa Terrace Apt. 886
North Nathanborough, TX 17376"
235,235,"85748 Megan Squares
Andersenburgh, ME 67987"
236,236,"3001 Jonathan Forks
North Jennifershire, SD 56754"
237,237,"90497 Rivera Summit Apt. 116
Lopezburgh, OR 42338"
238,238,"648 Williams Shoals Suite 818
North Ginaside, OK 16524"
239,239,"98964 Green Glen Apt. 009
Port John, DC 67090"
240,240,"76284 Wallace River Apt. 416
Evanshaven, WA 74014"
241,241,"29113 Jamie Motorway Suite 698
South Marissa, AZ 75912"
242,242,"955 Mccullough Meadows
Erikabury, MT 48761"
243,243,"2656 Kim Bridge Apt. 111
Port Rachelborough, PA 48451"
244,244,"Unit 5949 Box 4361
DPO AP 92621"
245,245,"83720 Pamela Road Apt. 179
Washingtontown, NH 33348"
246,246,"5192 Pratt Prairie
Hollyfort, MO 22287"
247,247,"33818 Daniel Pine Suite 919
Jesseton, MT 36243"
248,248,"1977 Arias Path
Lake Jacobberg, OR 23084"
249,249,"USNS Larson
FPO AP 20041"
250,250,"4479 Jerry Shore Apt. 837
Angelashire, SC 81818"
251,251,"55961 Sanders Road Apt. 245
Francischester, MT 18214"
252,252,"4819 Bowen Trafficway
Ginaburgh, WY 50335"
253,253,"63740 Payne Union
Alvarezbury, MO 05343"
254,254,"31753 Wallace Turnpike Apt. 687
East Arthur, NM 50443"
255,255,"111 Farley Oval Suite 361
Leeland, ND 22906"
256,256,"3445 Debra Stravenue Suite 126
Millertown, IL 56816"
257,257,"4067 Curtis Lodge Apt. 372
Sullivanhaven, WI 66736"
258,258,"86307 White Course Suite 024
Lake Alexandriaside, MS 56919"
259,259,"8509 Hopkins Springs
West Leon, WY 79377"
260,260,"160 Johnson Row Apt. 168
North Tina, UT 43129"
261,261,"51382 Jamie Points Suite 555
South Stephanie, RI 50153"
262,262,"4120 Dustin Park Suite 919
Thompsonland, HI 70303"
263,263,"7333 Rose Mills Apt. 051
South Leviton, OR 66454"
264,264,"74796 Salinas Road
North Bryantown, WY 58441"
265,265,"8243 Chloe Centers Suite 991
Wrightfort, IN 47291"
266,266,"2615 Gonzalez Valleys
Simpsonborough, AZ 57633"
267,267,"0830 Mary Camp Apt. 195
North Sean, IN 10139"
268,268,"52518 King Ford Apt. 626
Lake Bethany, SD 54812"
269,269,"5533 Reyes Mews
Lake Erikaberg, AL 49391"
270,270,"PSC 0846, Box 9114
APO AP 59764"
271,271,"833 Whitney Extensions Apt. 675
North Carolville, NC 35073"
272,272,"044 Watkins Square Apt. 809
Nolantown, LA 96408"
273,273,"142 Cynthia Hollow Suite 395
Staciefurt, LA 54680"
274,274,"519 Bailey Tunnel
New Carriemouth, NY 05877"
275,275,"65785 Zimmerman Extension Apt. 396
Fostermouth, OR 33872"
276,276,"53083 Garcia Springs
Leonardshire, AZ 55524"
277,277,"944 Williams Vista Suite 597
Port Barbara, MA 53175"
278,278,"8758 Walker Expressway
Garciamouth, CT 84557"
279,279,"49926 Landry Shoals Suite 627
East Danaland, MO 81088"
280,280,"07685 Walls Walk Apt. 450
Hopkinshaven, IN 60612"
281,281,"PSC 0128, Box 9709
APO AP 91105"
282,282,"23188 Logan Dam Suite 794
Rogerfurt, CT 52589"
283,283,"12864 Tiffany Course
Port Amandashire, DE 98208"
284,284,"1418 Moore Lane Suite 428
North Amberburgh, NC 91297"
285,285,"9982 Brandon Forge Apt. 102
New Kristopher, MI 10872"
286,286,"6935 Kendra Forges Suite 682
Port John, NY 98805"
287,287,"8636 Richard Knoll Apt. 843
East Alejandrachester, WA 97734"
288,288,"0000 Myers Flats
Lake Gregview, RI 59617"
289,289,"647 Brandi Underpass Suite 660
East Heather, TX 20795"
290,290,"71963 Samantha Mills
Port Jameschester, ND 11318"
291,291,"USCGC Davis
FPO AA 53458"
292,292,"5465 Bryan Parkways Apt. 158
West Angela, VT 33942"
293,293,"86201 Mary Keys
West Aaron, AZ 31200"
294,294,"602 Aaron Turnpike
South Travisfort, KS 16752"
295,295,"6977 Heidi Loaf Suite 758
Maryview, NY 41787"
296,296,"327 Breanna Estates
Adamsmouth, IA 00524"
297,297,"10733 Jones Glen
Castroport, NE 15476"
298,298,"425 Ashley Streets Apt. 710
East Brianport, IA 26044"
299,299,"87423 Timothy Haven
Port Kyle, TX 81040"
300,300,"68372 Valerie Causeway
Lake Katherinehaven, FL 64048"
301,301,"374 Victor Oval
South Elizabeth, LA 47991"
302,302,"125 Christopher Overpass
Stephensview, TX 61198"
303,303,"166 Perry Rest
West Miguel, PA 84113"
304,304,"27453 Aguilar Pass
East Amanda, ME 63217"
305,305,"USNS Johnson
FPO AE 96781"
306,306,"9049 Karen Mills
Sheltonport, OR 61060"
307,307,"186 Scott Islands Apt. 885
Lake Amanda, AR 84023"
308,308,"4919 Jones View
Lake Randy, TX 51085"
309,309,"11629 John Stravenue Suite 553
Taylorfort, NE 15522"
310,310,"58995 John Way
Heatherview, PA 30132"
311,311,"2212 Mosley Way Suite 360
Brettville, ME 43397"
312,312,"97026 Whitney Key
Jonathanland, NJ 98573"
313,313,"955 Winters Way
East Daniel, CA 08722"
314,314,"5854 Smith Centers Suite 391
East Cathy, WY 94568"
315,315,"5051 Catherine Square
East Kathleenstad, WV 29286"
316,316,"589 Clark Stravenue
Rebeccaside, VT 89358"
317,317,"6324 David Extensions
Lukefurt, ME 62144"
318,318,"674 Lisa Land
Walkerstad, LA 01166"
319,319,"811 Riggs Center Suite 584
Myersborough, MD 21649"
320,320,"499 Xavier Rapids Apt. 856
East Monica, MA 68669"
321,321,"7676 Jimenez Burgs Suite 659
Murraystad, SD 74641"
322,322,"889 Karen Mission
Rodriguezville, WI 38104"
323,323,"362 Wells Unions
Victoriatown, SC 76842"
324,324,"52737 Benjamin Highway
New Jill, LA 70685"
325,325,"884 William Villages Suite 335
Lake Shannontown, MA 79471"
326,326,"Unit 6766 Box 6833
DPO AA 07195"
327,327,"06844 Krueger Parkways
Lake Jennifer, VT 05393"
328,328,"450 Diamond Plain
Stewartland, UT 96580"
329,329,"8129 Sims Dam Apt. 974
Port Peter, ID 96434"
330,330,"8896 Hall Mountains
Donnashire, ME 32737"
331,331,"47823 Glover Rest
Lake Juan, OR 27865"
332,332,"1865 Watson Springs
Emilymouth, HI 01071"
333,333,"032 John Locks
Lake Travisland, WI 13842"
334,334,"14693 White Crescent Suite 591
South Michaelstad, MS 87582"
335,335,"23727 Steven Forges
Lopezview, NM 79914"
336,336,"3154 Hayes Extension Apt. 634
Richardton, MI 05299"
337,337,"945 Ibarra Square Suite 057
Joshuaville, NC 46193"
338,338,"57554 Hall Ridges
Danielborough, CT 04774"
339,339,"3604 Ariel Bridge Suite 218
South Lori, CA 43876"
340,340,"798 Jill River
Port John, RI 05618"
341,341,"PSC 7139, Box 4205
APO AP 23416"
342,342,"277 Richard Estates Suite 197
North Lorettatown, IL 41145"
343,343,"274 Thomas Street Suite 227
Mosleyport, GA 13854"
344,344,"394 Moore River
Wiseburgh, SD 27216"
345,345,"Unit 8121 Box 7519
DPO AE 19965"
346,346,"67596 Shannon Junctions
Baileymouth, AL 87681"
347,347,"79176 Brad Ford Apt. 297
Amandaton, KS 15212"
348,348,"Unit 0575 Box 1732
DPO AE 46089"
349,349,"233 Nicholas Prairie
Adamberg, FL 22734"
350,350,"36497 Mendoza Springs
Robinsonfort, TN 29259"
351,351,"164 Melanie Cliff Apt. 010
Mayshire, MO 54446"
352,352,"045 Charlene Place
Cookfurt, MS 68468"
353,353,"370 Daniel Ways
Hernandezmouth, VA 27508"
354,354,"3306 Jennifer Prairie
West Jennifer, KS 84113"
355,355,"0929 Vasquez Parkways Apt. 753
Michellemouth, RI 30504"
356,356,"984 Catherine Fort Apt. 350
New Kayla, GA 87902"
357,357,"81238 Smith Curve
Port Michelle, MO 58958"
358,358,"656 Madeline Hollow
Ashleyside, SD 30358"
359,359,"047 Leah Mountain Apt. 921
Thomasfurt, OK 04371"
360,360,"Unit 2892 Box 4002
DPO AE 54030"
361,361,"074 Sarah Coves Apt. 605
South Frank, WI 14071"
362,362,"439 Warren Keys
Sheilamouth, IA 05553"
363,363,"35470 Navarro Fords Suite 354
Jenniferland, IN 96404"
364,364,"182 Wang Locks Apt. 093
South Joshuatown, RI 31257"
365,365,"83046 Kimberly Run
East Davidmouth, KS 88531"
366,366,"81406 Toni Fields
West Sheena, NV 47086"
367,367,"7411 Brooks Inlet Apt. 252
New Danaborough, UT 72129"
368,368,"22516 Villanueva Pass Apt. 242
Brookeland, VT 03201"
369,369,"5564 Curry Curve
New Melissa, WI 30943"
370,370,"7262 Mcbride Villages Apt. 931
Whiteberg, IA 22521"
371,371,"16872 James Knolls
Riveramouth, SC 98579"
372,372,"2713 Cuevas Prairie
Knoxshire, DE 10284"
373,373,"773 Davis Trail Suite 956
Lake William, ME 11435"
374,374,"14980 Rebecca Isle Suite 308
Marquezton, CA 30111"
375,375,"722 Justin Gardens Apt. 536
Lake Tony, IN 36643"
376,376,"83093 Wallace Drive
Tylerbury, NM 66344"
377,377,"625 David Fort Apt. 321
Kennethside, FL 67471"
378,378,"4616 Preston Lock Suite 170
Pamelastad, IA 63506"
379,379,"5860 Adriana Point Apt. 221
Port Debbie, OH 72399"
380,380,"6893 Brown Camp
Gregstad, NM 53002"
381,381,"116 Perry Trace
West David, SC 68156"
382,382,"699 Kathleen Mountains Apt. 141
Daniellemouth, AK 10043"
383,383,"25387 Gibson Gateway Suite 112
Wilsonfurt, DE 41797"
384,384,"7313 Brandon Landing
Friedmanburgh, MA 43652"
385,385,"32508 Payne Pine Suite 977
Martinezstad, OR 22539"
386,386,"593 Joseph Square
Lake Lindaton, AR 29247"
387,387,"271 White Plains Apt. 162
Vickietown, MT 46941"
388,388,"8473 Lee Shores
North Meganville, CA 02572"
389,389,"6920 Meyer Villages Apt. 667
West Jessicaview, IL 56066"
390,390,"4675 Jonathan Cliffs
Robinsonmouth, MS 12748"
391,391,"Unit 5450 Box 3242
DPO AP 39599"
392,392,"95399 Hudson Glens Apt. 061
East Karentown, KS 08202"
393,393,"654 Flynn Stream
Elizabethburgh, VT 22900"
394,394,"65394 Lawrence Alley
Mariachester, MS 55400"
395,395,"0281 Eric Vista Apt. 820
Kimburgh, TX 60003"
396,396,"USS Berry
FPO AE 46529"
397,397,"2723 Mendez Knolls
New Dorothy, MN 84087"
398,398,"57909 Kayla Trail Apt. 697
Garnerstad, IL 22315"
399,399,"87888 Holmes Courts Apt. 416
Jessehaven, IN 42316"
400,400,"225 Bryan Villages Apt. 786
Charlesside, WY 89558"
401,401,"PSC 5578, Box 7871
APO AP 70826"
402,402,"249 Allen Ports Apt. 943
Laurafurt, PA 02201"
403,403,"Unit 0064 Box 2258
DPO AP 90222"
404,404,"152 Annette Mountains Apt. 545
Port Amy, WY 45441"
405,405,"6479 Leon Station
Joneshaven, TN 13849"
406,406,"117 Bruce Valleys Apt. 761
East Kelsey, RI 44464"
407,407,"362 Nunez Crossroad
Meyerchester, NH 65222"
408,408,"586 Davila Avenue Apt. 838
Hollyfort, NH 50971"
409,409,"38087 Matthew Groves
Mcclainmouth, NV 43992"
410,410,"50177 Case Hill Suite 132
Colemanborough, RI 89059"
411,411,"61996 Kenneth Crescent
Karenton, AZ 49888"
412,412,"USNS Reed
FPO AE 04602"
413,413,"PSC 6124, Box 6147
APO AA 73424"
414,414,"64857 Jensen Park Apt. 289
Cynthiamouth, RI 87464"
415,415,"0357 Nicole Mountain
Carterville, WV 48221"
416,416,"9334 Martin Run Apt. 995
Christophershire, DE 03338"
417,417,"79729 Jesus Mountains
Port Christinehaven, AK 89297"
418,418,"82203 Christina Junctions
Aaronstad, AK 03953"
419,419,"637 Ortiz Station Suite 452
Deborahburgh, AL 11172"
420,420,"0110 Craig Haven
Alexandriaview, PA 50086"
421,421,"25649 Garcia Mountains
West Lucas, MI 28053"
422,422,"21484 Roberts Islands
West Jessica, MA 71582"
423,423,"79231 Ashley Crossing
North Gabriellaville, MN 92769"
424,424,"90716 Casey Course Apt. 474
North Brian, DE 40782"
425,425,"3586 Vang Squares
East Richardhaven, VT 35619"
426,426,"USCGC Myers
FPO AP 41889"
427,427,"347 Jordan Street
Blakefurt, HI 18191"
428,428,"Unit 9627 Box 2007
DPO AA 11540"
429,429,"USS Barnes
FPO AE 46848"
430,430,"276 Jonathan Key Suite 622
West Sarahstad, ND 94207"
431,431,"11526 Allison Landing Suite 821
Elizabethport, NY 92062"
432,432,"021 Eric Mountain
New Cathy, TN 17619"
433,433,"13262 Shelby Walks
Lake Jerryville, SD 77412"
434,434,"9278 Anthony Stream Apt. 454
Josephview, SD 96050"
435,435,"80156 Molina Curve Suite 358
Owensview, AZ 91717"
436,436,"72558 Sarah Center Apt. 501
Port Lauren, DE 80091"
437,437,"8925 James Streets
North Brianville, UT 17625"
438,438,"0562 Wilson Summit
North Angela, NE 27287"
439,439,"498 Shane Springs
Fletcherview, DE 06423"
440,440,"1486 Denise Ways
Walterborough, IA 67179"
441,441,"65791 Mary Rapids
Jakefurt, IA 45969"
442,442,"3214 Perez Camp
Ericport, MT 72519"
443,443,"6750 Elaine Junctions
Castanedaland, MA 85925"
444,444,"630 Amanda Summit
East Paul, WA 75766"
445,445,"4799 Matthew Hills
New Christopher, MN 59121"
446,446,"7538 William Mission
North Duane, MT 37726"
447,447,"008 Wallace Mission Suite 387
Loweryland, MT 07183"
448,448,"8019 Green Plains Apt. 588
New Adamburgh, KY 66644"
449,449,"81968 Cheryl Ports Apt. 665
Thomasport, AL 39328"
450,450,"156 Valencia Heights Apt. 838
Floreschester, IA 71674"
451,451,"PSC 6489, Box 2957
APO AE 89125"
452,452,"89679 George Dale Apt. 308
Humphreybury, AL 21037"
453,453,"71420 Robert Course Apt. 091
Crawfordstad, WA 54632"
454,454,"474 Greene Avenue Suite 785
West Jillport, WY 15416"
455,455,"1944 Richardson Islands
Millerside, WI 08893"
456,456,"19017 Bailey Locks Suite 470
Johnstad, AZ 09181"
457,457,"1861 Michael Pines
West Sherry, IL 77813"
458,458,"733 Schneider Junction Suite 416
Owensburgh, WA 57016"
459,459,"180 Bradley Light Suite 492
South William, MO 02628"
460,460,"302 Jose Unions
Sarahbury, SC 11168"
461,461,"472 Kim Via
Joshuaberg, HI 58724"
462,462,"7369 Owens Ridge Apt. 351
New Sheliaburgh, WI 76558"
463,463,"566 Gross Summit
Destinymouth, TN 78307"
464,464,"779 Bryant Plains
West Taratown, ID 25696"
465,465,"235 Williams Coves
New Morganview, CO 16539"
466,466,"86796 Amanda Shores
South Jacqueline, MD 84236"
467,467,"68195 Lopez Roads Suite 201
Reidville, NJ 91812"
468,468,"606 Harmon Branch Apt. 995
South Lukestad, GA 73230"
469,469,"Unit 3137 Box 4045
DPO AA 86384"
470,470,"7684 Patricia Shore
North Christophermouth, WI 27344"
471,471,"53193 Mason Springs
Andrewview, ME 51561"
472,472,"6905 Davis Garden Suite 789
West Jennifer, GA 13880"
473,473,"364 Moran Locks
Michaelview, CO 83634"
474,474,"0108 Adriana Crossing
North Austin, ME 41731"
475,475,"0508 Thomas Bridge
Oneillberg, MO 93391"
476,476,"53399 Mora Rue
Port Michael, GA 73856"
477,477,"555 Watkins Courts Suite 610
West Kathryn, MS 41973"
478,478,"32257 King Cliffs
Suttonburgh, NE 28012"
479,479,"298 Nicholson Cape
Kevinbury, MO 13829"
480,480,"433 Henson Extension
Edwardsshire, DE 27502"
481,481,"5040 Jasmine Union Apt. 565
North Ericbury, NV 68049"
482,482,"768 Paul Views Apt. 304
Powellmouth, NE 21241"
483,483,"Unit 4477 Box 3094
DPO AE 15638"
484,484,"990 Grace Ferry
Kevinberg, MN 73184"
485,485,"51423 Aguirre Lake
Davishaven, IN 14840"
486,486,"49745 Teresa Forks
South Rebeccaberg, CT 27963"
487,487,"85735 Johnson Lock
Maciaston, AK 74808"
488,488,"247 Mason Flats
Vegaview, WV 30014"
489,489,"98828 Amy Unions
Nicoleburgh, OK 40157"
490,490,"51343 Garcia Street
East Richardbury, GA 85014"
491,491,"953 Joshua Inlet Apt. 192
Gabrielville, TN 21511"
492,492,"Unit 8686 Box 0827
DPO AE 23415"
493,493,"3334 Chaney Crest Apt. 942
New Brandon, KY 17005"
494,494,"22477 Jeremy Lock
Pattersonton, AL 67333"
495,495,"08675 Garcia Locks Apt. 299
Judystad, OK 32307"
496,496,"652 Fields Track Suite 202
Jennifermouth, TN 26299"
497,497,"69178 Patrick Branch
Lake Alison, FL 06917"
498,498,"PSC 5803, Box 3836
APO AA 32550"
499,499,"4265 Woodward Passage
Hartville, ND 49128"
500,500,"23901 Omar Hollow
Paulabury, RI 65007"
501,501,"46885 Carla Landing
Grayfurt, AL 86623"
502,502,"PSC 2093, Box 3069
APO AE 47593"
503,503,"68933 Karen Lock
Edwardsmouth, OR 49390"
504,504,"6431 Brian Tunnel
Owensbury, AK 44238"
505,505,"7853 Pugh Turnpike
Jeffreystad, AL 66141"
506,506,"17428 Anderson Branch Suite 703
Lake Teresamouth, SC 67164"
507,507,"USNS Garza
FPO AA 88140"
508,508,"2804 Mccoy Station Suite 807
East Rachel, NJ 17436"
509,509,"98871 Sherry Flats
Wendyview, OK 71209"
510,510,"USNV Sanders
FPO AA 92637"
511,511,"25227 Jacqueline Street Suite 428
New Jeffville, GA 92460"
512,512,"729 Molina Ville Apt. 927
Craigmouth, PA 72075"
513,513,"5772 Nguyen Summit Apt. 616
East Tammyborough, CT 21590"
514,514,"USS Sanders
FPO AA 62030"
515,515,"07248 Anthony Station
Port Felicia, AK 08998"
516,516,"6104 Long Mountain Apt. 494
Nataliebury, AK 94754"
517,517,"6065 Cline Mission
Joanneborough, WV 73232"
518,518,"330 Baldwin Forest Apt. 872
Port Tonyaside, NY 30803"
519,519,"526 Thompson Locks Suite 603
South Vanessafort, TX 96764"
520,520,"3130 Benson Mall
Lake Christopherton, TN 19254"
521,521,"470 Amber Islands
Gregorytown, IN 71263"
522,522,"65115 Robert Ports
North Jason, NV 69047"
523,523,"15301 Wilson Glen
Rogersborough, GA 79878"
524,524,"392 Robert Stravenue
Charlesbury, NC 49851"
525,525,"474 Caitlyn Ville
Port Emilyberg, WV 03716"
526,526,"9339 Cole Forge Apt. 269
Port Paulamouth, SD 79906"
527,527,"16569 Holder Circles Suite 571
North Kevin, IL 81902"
528,528,"41997 Martinez Rue Suite 039
Thomasville, MS 11592"
529,529,"499 Lauren Junctions
North Jessicahaven, MN 44858"
530,530,"1929 Corey Street
West Ronald, DC 75043"
531,531,"285 Bryce Ville Suite 684
Lake Eileenhaven, MT 91694"
532,532,"1214 Susan Walks Suite 695
Kirbyburgh, MT 32593"
533,533,"77764 Black Falls Apt. 965
East Nicoleburgh, MA 24545"
534,534,"380 David Mountains
Acostaport, OK 29493"
535,535,"0273 Joseph Locks
West Kathleen, CT 73889"
536,536,"200 Derrick Locks
Stevenberg, KY 03996"
537,537,"24918 Perkins Lane
New Marie, CT 52504"
538,538,"77725 Gilbert Spurs Suite 060
South Alexstad, UT 13985"
539,539,"Unit 4013 Box 4969
DPO AA 17592"
540,540,"7572 Ingram Shore Apt. 108
Lake Megan, ND 47762"
541,541,"8626 Mark Mission
Matthewland, MA 86816"
542,542,"57003 Young Cape
Lake David, ND 70447"
543,543,"418 Young Mission Apt. 236
North Williefort, NV 43138"
544,544,"8241 Dylan Isle Suite 405
Danielview, WI 17294"
545,545,"Unit 4415 Box 2711
DPO AA 28272"
546,546,"348 Reid Way
West Lauraburgh, MD 22571"
547,547,"8942 Benjamin Springs
East Kayleeton, NJ 46702"
548,548,"196 Julia Valley
Wolfeberg, KY 65763"
549,549,"488 Audrey Pine
Higginsborough, ID 40133"
550,550,"Unit 8024 Box 5598
DPO AA 19102"
551,551,"563 Miller Freeway
North Jamesmouth, DE 14421"
552,552,"24473 Jeremy Forges
Taylorberg, CA 98725"
553,553,"90328 Jordan Keys
Port Edward, CO 77825"
554,554,"4996 Nathaniel Causeway Apt. 542
Youngton, DE 61327"
555,555,"Unit 3996 Box 9997
DPO AA 56275"
556,556,"1446 Samantha Rest
Carpenterchester, MS 36896"
557,557,"33253 Christopher Row Suite 078
Morrisonburgh, MO 80527"
558,558,"PSC 6598, Box 7258
APO AE 77954"
559,559,"267 David Roads Apt. 716
East Scottville, CA 61745"
560,560,"6153 Powell Crest Suite 294
Crawfordhaven, OR 97727"
561,561,"9886 Foley Drive Suite 217
East Jonathanshire, KY 11594"
562,562,"539 Lee Inlet
West Benjamin, MA 06260"
563,563,"166 Walter Burgs Suite 147
Lake Kathychester, WA 65251"
564,564,"46149 Foster Common Apt. 943
North Lori, WI 16274"
565,565,"41539 West Ports Apt. 575
Lake Carlos, FL 71635"
566,566,"4389 Cruz Rapid
South William, WA 30741"
567,567,"Unit 2614 Box 0621
DPO AP 13482"
568,568,"1951 Carlos Harbor Apt. 557
Mcclureview, IN 55848"
569,569,"2861 James Mountain Apt. 111
Katherineland, AL 32867"
570,570,"0883 Sutton Point
Toddhaven, CT 06107"
571,571,"822 Justin Pine
Port Kathleentown, MA 29314"
572,572,"USS Hoover
FPO AE 94358"
573,573,"17003 Nguyen Dam Suite 324
Bradshawtown, WA 44643"
574,574,"01779 Powell Greens Suite 932
Dakotaside, KS 67083"
575,575,"32882 Amber Cliffs Suite 220
Catherinechester, MT 28065"
576,576,"73112 Martin Route Suite 538
Kelleymouth, PA 47824"
577,577,"Unit 1938 Box 3829
DPO AE 91346"
578,578,"1547 Brown Centers Suite 110
Aaronview, KS 38756"
579,579,"810 Samuel Prairie
Lake Adamton, NM 97927"
580,580,"154 Robertson Knolls Suite 635
Patelside, OK 83814"
581,581,"92355 Barber Falls
Lake Cole, SD 51370"
582,582,"845 Sullivan Gardens Apt. 497
New Sandrafurt, UT 58337"
583,583,"26625 Jeffrey Path
East Michaelborough, AK 18252"
584,584,"83743 Brandon Fords
Simsburgh, AR 40990"
585,585,"59727 Long Brook
Port Jamesville, WV 35763"
586,586,"6454 David Overpass Suite 306
Cherylshire, WA 84496"
587,587,"5446 Dorothy Ports
West Jonathanchester, CO 31417"
588,588,"301 Lee Lakes Suite 502
North Mindytown, NM 09537"
589,589,"00361 Melinda Trail Suite 140
Hostad, UT 01532"
590,590,"0284 Denise Wells Suite 352
North Larry, FL 81146"
591,591,"73900 Robert Roads Suite 035
Nashview, VA 65936"
592,592,"890 Holt Groves Suite 502
West Tina, CT 79268"
593,593,"52862 Kevin Avenue Apt. 005
East Kristin, MD 82715"
594,594,"20262 Wilson Common Apt. 420
Markfurt, VT 98941"
595,595,"2678 Ryan Ford
North Jaredberg, CO 04910"
596,596,"3894 Park Mission
Hernandezstad, NM 69768"
597,597,"82483 Crosby Street Apt. 866
Tristanborough, MN 16795"
598,598,"195 Mccullough Inlet Apt. 614
Franciscoshire, OK 25652"
599,599,"260 Philip Plain Apt. 515
Lake Kevin, SD 59348"
600,600,"50636 Wallace Light
South Kimberlyhaven, GA 69432"
601,601,"074 Bernard Brook
North Rebeccashire, ID 52223"
602,602,"42538 Morales Run Apt. 320
Atkinsonmouth, VA 35509"
603,603,"779 Rodriguez Curve
Guerrerotown, IL 46798"
604,604,"512 Obrien Neck Apt. 252
South Patrick, DE 25725"
605,605,"70973 Melinda Hollow
North Kendrahaven, MI 88717"
606,606,"6264 Elizabeth Views Suite 718
Miguelton, TX 58531"
607,607,"4618 Jeffery Mission
Lake Annchester, NE 61422"
608,608,"62931 Alicia Spurs Apt. 014
Port Michele, AR 97468"
609,609,"PSC 8375, Box 3644
APO AE 18079"
610,610,"6887 Wayne Trail
South Williamfort, LA 11407"
611,611,"12125 Duncan Run
Deckermouth, HI 30054"
612,612,"77717 Jordan Village Suite 055
East Stacyfurt, CO 78504"
613,613,"70080 Ryan Cliff
Parrishside, NH 94583"
614,614,"27208 Paul Lakes
Brentville, CO 68286"
615,615,"63455 Russo Lakes
Sandrafurt, IN 96078"
616,616,"17675 Ellen Road Apt. 187
Port Melanie, WV 67698"
617,617,"4688 Robinson Harbor
West Bianca, UT 67510"
618,618,"700 Collier Rue
Jessicamouth, OR 79466"
619,619,"499 Ruiz Lane Suite 185
Melissatown, OH 65482"
620,620,"3224 Jasmine Lakes
Port Miguel, IL 93242"
621,621,"PSC 3251, Box 4282
APO AE 22166"
622,622,"41086 Dawn Creek Apt. 608
Kristinaview, LA 21555"
623,623,"33915 Norris Expressway Apt. 809
Sandraville, CT 35361"
624,624,"721 Joseph Orchard
New Robertbury, DE 77567"
625,625,"378 Deanna Pass Suite 705
North Kimberly, TX 54259"
626,626,"482 Miranda Forges Suite 710
South Jessica, HI 25622"
627,627,"659 Dickerson Forges Apt. 352
Katherinehaven, IN 44937"
628,628,"34155 Jeremiah Via Suite 469
Jacquelineshire, WA 93103"
629,629,"7181 Johnson Lights
New Russellfurt, MT 86364"
630,630,"34695 Sanford Corner
New Alyssa, MO 99060"
631,631,"474 Sanchez Row
South Danastad, NJ 49797"
632,632,"883 Jillian Isle
Colleenside, NY 21778"
633,633,"PSC 4816, Box 4468
APO AE 04438"
634,634,"27108 Felicia Hill
Port Hollybury, MO 39663"
635,635,"0430 Gonzales Falls Suite 336
East Sallystad, NV 40437"
636,636,"9273 Thomas Burgs Suite 353
West Sharon, CT 70747"
637,637,"165 Tran Points Apt. 330
Port Shannon, IN 78035"
638,638,"95576 Powers Greens Suite 441
Hernandezbury, HI 73985"
639,639,"0239 Todd Mission
Lake Catherine, IN 76949"
640,640,"6844 Taylor Harbor Suite 385
Scottfurt, SC 49835"
641,641,"5744 Salas Street Suite 205
Lake Peter, FL 41365"
642,642,"014 Wang Ville Suite 532
Delacruzview, NE 89385"
643,643,"663 Garza Center
Lake Kevinview, NJ 79730"
644,644,"22774 Sims Pines
Thomasview, CT 52011"
645,645,"321 Samantha Heights
East Barbara, NV 82425"
646,646,"827 Nelson Point
North Cindytown, WA 25379"
647,647,"997 Wilkins Cove Suite 804
North Jeffrey, GA 64923"
648,648,"101 Thompson Keys
Bradberg, RI 67348"
649,649,"PSC 7936, Box 0006
APO AP 71992"
650,650,"42434 Spencer Bypass
Garyfurt, AZ 13294"
651,651,"PSC 4389, Box 9443
APO AP 40216"
652,652,"16103 Murray Lakes
East Philip, MN 94431"
653,653,"5822 Vega Street
Lake Jonathanmouth, ID 39908"
654,654,"249 Katherine Ferry Suite 043
Lake Richard, MN 15222"
655,655,"164 Jennifer Gateway Apt. 873
North Kellyberg, NH 82039"
656,656,"4071 Payne Way Suite 200
Jenniferview, NE 88145"
657,657,"25831 Matthew Via
East William, WA 33556"
658,658,"5464 Madison Hill Suite 223
Port Jacquelineport, GA 62378"
659,659,"03685 Brian Tunnel Apt. 984
Evansbury, NM 23591"
660,660,"605 Anne Drive
Jacquelineberg, GA 51816"
661,661,"Unit 2189 Box 4462
DPO AP 93132"
662,662,"USS Hamilton
FPO AA 53576"
663,663,"PSC 5396, Box 9897
APO AE 85934"
664,664,"75411 Schmidt Drive
Port David, DE 44711"
665,665,"7807 Craig Lakes Suite 539
Patriciatown, IA 78928"
666,666,"85603 Harris Place
Rodriguezland, MT 24215"
667,667,"57642 Palmer Stream Apt. 946
Maymouth, KS 74507"
668,668,"819 Moore Pine Apt. 298
Thomasstad, IN 05256"
669,669,"2507 Alvarez Plains Apt. 294
Annstad, IA 13278"
670,670,"0056 Roy Meadow Apt. 351
Port Tyler, DE 58522"
671,671,"937 Mary Causeway
Leonardburgh, SD 15450"
672,672,"1654 Parker Crescent
Kathrynfort, MS 52150"
673,673,"90740 Mary Mountains
Robertbury, PA 26232"
674,674,"43513 Anthony Ranch
Horneside, NY 94905"
675,675,"0099 Mark Hills
Christineberg, HI 51775"
676,676,"53844 Alicia Burg Suite 498
South Briana, UT 57773"
677,677,"Unit 2406 Box 5486
DPO AP 92947"
678,678,"170 Snyder Coves
Lake Stephanie, NY 06809"
679,679,"9753 Peter Harbor Suite 648
Bensonbury, CA 90585"
680,680,"73111 Michele Station
Stevensstad, LA 83787"
681,681,"95140 Sarah Plains
Bensonbury, VT 94787"
682,682,"36761 Smith Mountains Apt. 550
Port Anna, CO 53016"
683,683,"PSC 9016, Box 7989
APO AE 19710"
684,684,"60241 Thompson Mount
Jacobborough, NV 73837"
685,685,"USCGC Williams
FPO AE 73636"
686,686,"766 Brad Oval Suite 300
North Casey, OK 09466"
687,687,"231 Griffith Corners
East Chelsea, NV 37107"
688,688,"975 Christina Village Suite 971
Robertstown, PA 08161"
689,689,"3136 Jones Pine Apt. 487
Cummingsfort, KS 52845"
690,690,"161 Thompson Route
Rebeccaburgh, AZ 38688"
691,691,"4474 Reyes Crescent
Mossburgh, AL 55528"
692,692,"3607 Anne Shores
Moorehaven, AK 82647"
693,693,"397 Peters Forges Suite 370
Port Craigtown, TX 82997"
694,694,"74207 Sierra Valley
Spencerchester, WY 37589"
695,695,"09075 Elizabeth River
Christiantown, KS 57542"
696,696,"61639 Michelle Ranch
North Davidside, IL 64542"
697,697,"1593 Javier Isle
Davisberg, NM 57988"
698,698,"USNV Stevens
FPO AE 40120"
699,699,"68571 Donna Ports Apt. 410
Richardsonmouth, FL 08914"
700,700,"06859 Le Pike Suite 506
Lake Jennifermouth, HI 83645"
701,701,"350 Martha Drive
New Mercedes, TN 30818"
702,702,"Unit 4887 Box 2782
DPO AP 20299"
703,703,"02261 Courtney Bridge
North Hannahfort, KY 60268"
704,704,"0306 Hebert Oval Apt. 699
Sarahfort, NE 50459"
705,705,"634 Jillian Ville
North Nicolemouth, WA 86804"
706,706,"366 Judy Branch
Maxwellfurt, AR 42796"
707,707,"USS Berry
FPO AP 32550"
708,708,"7559 Mclaughlin Isle Suite 295
Johnmouth, IN 45864"
709,709,"85773 Richards Groves Suite 527
Williamsland, VT 74788"
710,710,"1019 Natalie Cove Apt. 207
New Adamside, CT 09106"
711,711,"200 Susan Walks
Port Carmenview, AZ 67290"
712,712,"Unit 5195 Box 5279
DPO AA 09710"
713,713,"1813 Dylan Unions Apt. 506
Lake Holly, IN 09721"
714,714,"6495 Erik Brooks Suite 380
East Shaneland, MD 69433"
715,715,"36765 Jessica Crescent Suite 164
Josephbury, ND 26277"
716,716,"8191 Diaz Key Apt. 967
West Eric, UT 65566"
717,717,"63617 Cunningham Circles Apt. 260
New Christopher, VT 74377"
718,718,"320 Clay Summit
New Lawrenceview, IL 50757"
719,719,"Unit 6104 Box 6385
DPO AE 83373"
720,720,"160 Edward Knolls Suite 124
Princehaven, MO 94588"
721,721,"25081 Harvey Avenue
Jessicaside, DE 96419"
722,722,"24774 Amanda Camp Apt. 218
Martinside, PA 54936"
723,723,"PSC 4693, Box 6079
APO AE 18338"
724,724,"19680 Moreno Fords
Trujillochester, MN 52192"
725,725,"022 James Well Suite 562
West Juan, VA 76305"
726,726,"9846 Stewart Freeway Apt. 550
Jamieside, NY 41288"
727,727,"1055 Hale Extensions
Fisherberg, NM 34325"
728,728,"5428 Amy Isle
Lake Jill, CO 23400"
729,729,"72520 Mary Forge Suite 770
East Tiffanyshire, VT 58588"
730,730,"PSC 8535, Box 9853
APO AA 95358"
731,731,"868 Ruiz Skyway Apt. 612
East Emilyhaven, NM 65535"
732,732,"92715 Elliott Flats
Matthewburgh, ND 20805"
733,733,"582 Chelsea Squares
Jenniferview, MD 96890"
734,734,"23591 Schmidt Stravenue
South Jason, KY 07794"
735,735,"USCGC Robinson
FPO AE 75924"
736,736,"544 Danielle Rapids
Jamiebury, WI 10657"
737,737,"8279 Cynthia Squares
North Lynnfort, CO 31030"
738,738,"65034 Justin Island
Katiechester, GA 30516"
739,739,"PSC 7920, Box 7136
APO AA 64130"
740,740,"386 Garcia Falls
Kennethland, MS 66633"
741,741,"392 Jessica Shores Apt. 836
West Robertside, WV 23273"
742,742,"0986 Bridges Wall
Daughertybury, OK 79356"
743,743,"403 Gonzalez Terrace
Jasonhaven, WY 82906"
744,744,"7948 Ochoa Harbor
Port Crystalton, FL 30162"
745,745,"0233 Perez Freeway Suite 382
West Michael, ND 07520"
746,746,"89155 Taylor Mountains
South Jill, TX 35554"
747,747,"218 Leblanc Place
East Kathrynborough, UT 52681"
748,748,"38163 Hailey Dam Suite 245
Pittsborough, PA 79340"
749,749,"6596 Turner Squares
Yangmouth, MN 27686"
750,750,"7787 Graves Orchard
Rubentown, NC 53079"
751,751,"532 Moore Terrace
Frankburgh, HI 47979"
752,752,"0067 Rowe Courts Apt. 989
Welchfurt, KS 10380"
753,753,"03182 Anne Plain Suite 995
West William, AL 42520"
754,754,"8054 Hubbard Brooks Apt. 747
Rachelborough, NY 22294"
755,755,"Unit 2964 Box 0493
DPO AA 82225"
756,756,"505 Stephen Trafficway Suite 665
Ryanfort, ND 58747"
757,757,"9603 Jesus Pine
Lunamouth, MD 00697"
758,758,"Unit 2284 Box 6860
DPO AP 79575"
759,759,"USS Wilkerson
FPO AA 28756"
760,760,"21170 Nicholas Valley Apt. 933
Port Jack, SD 82478"
761,761,"1328 Jacob Drive Suite 558
Port Jesseport, MI 45754"
762,762,"5682 Garcia Bridge
East Crystalton, TX 20569"
763,763,"161 Mccullough Springs
Millsland, HI 64655"
764,764,"8337 Michael Harbor Suite 760
East Daniel, NY 97954"
765,765,"USCGC Terrell
FPO AA 01977"
766,766,"69011 Johnson Meadows Apt. 808
Port Susanhaven, CO 61904"
767,767,"05099 Christopher Ford Apt. 068
West Anthony, AZ 97190"
768,768,"804 Kerry Green
East Robert, ND 42387"
769,769,"Unit 2767 Box 6461
DPO AP 41431"
770,770,"99571 Howell Fall Suite 422
Fernandoview, ID 28474"
771,771,"714 Kimberly Knoll
North Roger, NE 42208"
772,772,"4646 Justin Junctions Suite 234
West George, WI 83703"
773,773,"786 Leslie Lodge Suite 993
Lake Ashley, AR 33523"
774,774,"2178 Bennett Course
Lake Daniel, VA 56399"
775,775,"799 Danielle Mission
Lake Mark, MI 95010"
776,776,"82138 Reed Valley Apt. 827
Port Kurt, AZ 54151"
777,777,"1886 Roy Mountains Apt. 074
New Tiffany, ME 91516"
778,778,"25457 Patricia Flats Apt. 375
West James, NH 09910"
779,779,"8433 Donna Turnpike Suite 511
Laurieshire, MS 00768"
780,780,"537 Brittney Mission Suite 065
South Stevenburgh, NE 40722"
781,781,"67842 Sally Mountains Apt. 592
Carrollchester, MT 17377"
782,782,"32887 David Locks
Thomaston, NV 51342"
783,783,"42196 Richard Shoal Suite 970
Brianburgh, ND 84013"
784,784,"126 Christina Green Apt. 918
Johnbury, OH 88921"
785,785,"3267 Joshua Viaduct
Sherrymouth, IN 04656"
786,786,"4841 Johnson Drives Apt. 297
Rachelbury, PA 78934"
787,787,"2001 Oconnor Crescent Apt. 126
Walkershire, MO 52574"
788,788,"717 Shannon Neck
Potterview, IL 78232"
789,789,"732 Sloan Gardens
Dorseychester, AZ 10343"
790,790,"21467 Wu Manor
East Emilyton, KS 80373"
791,791,"1041 Alison Mission
Brandystad, CO 69178"
792,792,"184 Jennifer Estates
North Michael, AZ 38700"
793,793,"201 Madeline Field Apt. 490
Margaretfort, CA 55056"
794,794,"15790 Peterson Alley
East Jamesbury, LA 95880"
795,795,"USNS Lawson
FPO AP 87148"
796,796,"902 Salazar Road Suite 862
West Annaview, DC 34810"
797,797,"6135 Edward Skyway Suite 908
Aliceberg, NM 09781"
798,798,"7232 Charles Circles
Port Stephaniefurt, KS 78835"
799,799,"USNV Reyes
FPO AA 34762"
800,800,"480 Harvey Coves
Garyburgh, VA 57519"
801,801,"949 West Flat Suite 156
Lynchchester, TX 07634"
802,802,"462 Danny Expressway
Jerryfurt, AL 66614"
803,803,"2372 Reeves View Suite 440
West Harry, LA 89148"
804,804,"Unit 9743 Box 9434
DPO AE 49328"
805,805,"9213 Amy Walks
Desireeborough, IA 06697"
806,806,"7100 Peter Causeway Suite 352
Dennismouth, CA 24277"
807,807,"1533 Mackenzie Club
North Stephaniemouth, VT 35013"
808,808,"56317 Kathryn Via Apt. 944
New Melissaside, OR 21482"
809,809,"56148 Lee Fall Apt. 501
Kramershire, LA 48130"
810,810,"18613 Benson Meadows Apt. 087
Lake Jerry, CA 25268"
811,811,"PSC 0753, Box 2379
APO AE 74318"
812,812,"1912 Fisher Island Apt. 519
North Joelfurt, IN 72743"
813,813,"5591 Patton Radial
New Barryside, OH 52460"
814,814,"381 Gonzalez Locks
West Davidmouth, KS 01734"
815,815,"591 Cassandra Ville
North Davidside, MS 52262"
816,816,"432 Anna Track Suite 550
North Matthewborough, VT 82538"
817,817,"50600 Williams Mountain Apt. 755
West Bradleyburgh, MO 22903"
818,818,"317 Chandler Roads Suite 632
Port John, LA 76934"
819,819,"425 Evans Terrace
East Matthewside, LA 07092"
820,820,"PSC 2941, Box 8311
APO AP 95929"
821,821,"564 Miller Islands
North Richard, UT 57157"
822,822,"47248 Robert Plaza Suite 276
Port Cynthiahaven, AZ 61644"
823,823,"29861 Patel Branch Apt. 328
Benjaminchester, AR 67821"
824,824,"96634 Kelley Summit Suite 964
Michaelview, NH 12632"
825,825,"5276 Hughes Lights Suite 870
Floresstad, AZ 96980"
826,826,"705 Andrea Landing Apt. 265
Brownfort, KY 63383"
827,827,"00042 Brown Streets
Lake Hailey, OR 92250"
828,828,"13932 George Ports Suite 477
Williamsfort, MO 35618"
829,829,"4199 Tina Trail Apt. 804
Riveramouth, GA 54828"
830,830,"98375 Lindsey Row Suite 177
Lake Douglasbury, UT 48690"
831,831,"7748 Adams Loaf
Mooreville, WI 25310"
832,832,"307 Keller Run Apt. 979
Charlesmouth, ME 09424"
833,833,"1752 Joshua Glen
Williamsside, NV 63020"
834,834,"USNV Gallagher
FPO AE 11088"
835,835,"899 Wolf Dam Suite 140
Ashleyfurt, CA 97503"
836,836,"895 Martin Stravenue Suite 938
Judyburgh, GA 40442"
837,837,"070 Kelli Inlet Apt. 219
New Sierra, NY 66325"
838,838,"5609 Katie Bypass
East Michaelview, AL 50530"
839,839,"825 Rodgers Pike Suite 141
Kennedybury, CO 46365"
840,840,"266 Flynn Prairie
North Cindy, NE 75744"
841,841,"95221 Steve Landing Apt. 834
Samanthaborough, MD 36554"
842,842,"90035 Hernandez Terrace Apt. 857
North Christophershire, LA 85583"
843,843,"41959 Adam Harbors
Wallchester, CT 05051"
844,844,"599 Pamela Squares Apt. 648
West Natalie, ND 87242"
845,845,"6541 Henry Ramp Apt. 522
Lake Emily, TN 71175"
846,846,"327 Anthony Gateway Apt. 214
Tiffanystad, WI 55043"
847,847,"2756 Erin Camp
Harrisonburgh, ID 18705"
848,848,"69458 Martin Extension
Autumnmouth, TX 46734"
849,849,"6123 Hines Keys
Hillbury, WY 07684"
850,850,"897 Johnson Springs Suite 716
Port Rosetown, MT 33576"
851,851,"0765 Davis Centers
North Karenmouth, NY 10924"
852,852,"006 Peterson Cliff Apt. 793
Fritzview, IA 14593"
853,853,"874 Walker Greens
North Alan, OR 03191"
854,854,"6920 Williams Land Suite 712
North Ryan, MS 57805"
855,855,"57625 John Walk Suite 321
East Jacob, PA 61626"
856,856,"40382 Daniel Throughway Apt. 819
West Coreytown, ME 62178"
857,857,"2305 Dennis Expressway Suite 494
South Jason, MI 62934"
858,858,"9074 Waters Viaduct Apt. 459
East Joseph, HI 85771"
859,859,"315 Jennifer Knoll
North Debbiemouth, NH 98771"
860,860,"378 Matthew Mountain
North Maureen, ME 07671"
861,861,"66251 Kevin Causeway Apt. 787
Singletonport, NM 96590"
862,862,"732 Zachary Drive Suite 419
Beverlyland, MD 94102"
863,863,"402 Kristi Estate Apt. 064
South Ronaldmouth, SD 68838"
864,864,"901 Flores Stream Suite 216
Port Tammyside, NV 25838"
865,865,"626 Stevenson Shore Apt. 859
Maysshire, GA 27951"
866,866,"032 Alexander Turnpike
Calhounton, AZ 92896"
867,867,"609 Cameron Shore
Coleton, IN 21683"
868,868,"09409 Diaz Skyway
Lake Allison, PA 47042"
869,869,"016 Jason Place
Michelleside, NE 29378"
870,870,"2855 Anna Motorway Apt. 137
East Taylor, NH 75691"
871,871,"525 Hannah Bypass Apt. 880
Lake Josephport, AR 69848"
872,872,"901 Mccall Point Suite 128
Port Lauraside, OR 99031"
873,873,"166 Mary Wells Suite 866
Edwardmouth, AR 18143"
874,874,"912 Christian Light
South Mark, OR 17278"
875,875,"USNS Harris
FPO AP 93110"
876,876,"000 Griffith Shoals Apt. 095
Floresview, WV 88568"
877,877,"06977 Morales Route
South Troyside, TX 83806"
878,878,"8582 Mathew Walk Suite 036
Oliviaborough, NY 40511"
879,879,"9438 Roth Ranch
Edwardsburgh, VA 92371"
880,880,"6494 Cowan Ports
South Leonardberg, MD 88896"
881,881,"598 Lee Parks
Ericstad, CA 06735"
882,882,"63547 Beth Viaduct
Brianland, LA 35201"
883,883,"2879 Mueller Well
Allentown, MD 00707"
884,884,"916 Walker Parkways
Lisaside, MO 19691"
885,885,"13871 Leonard Passage Suite 232
Lake Natashaland, MT 99028"
886,886,"14407 Kristina Viaduct
North Debrabury, KY 28854"
887,887,"026 Ellis Mountain Apt. 563
New Grantview, WI 98997"
888,888,"2544 Smith Circles Suite 750
Masonland, GA 49608"
889,889,"Unit 1882 Box 8479
DPO AE 13719"
890,890,"3781 Bartlett Rapid Apt. 657
South Eugene, MA 30750"
891,891,"74369 Schroeder Fords Suite 459
East Cassandraville, VA 93067"
892,892,"59372 Diaz Lodge
Michaelside, GA 42155"
893,893,"Unit 5219 Box 0838
DPO AA 50549"
894,894,"9425 Perry Lights
Port Stephen, KY 28743"
895,895,"29117 Hudson Lodge Suite 349
Lake Rebecca, WA 19657"
896,896,"1437 Rebecca Camp Suite 041
South Kelsey, KS 50594"
897,897,"17461 Mark Unions Suite 137
Danielleland, SC 32118"
898,898,"455 Hunt Camp Apt. 911
Port Natalie, SC 25455"
899,899,"27482 Jessica Glen Suite 111
East Joystad, NM 53472"
900,900,"04229 Rosario Lakes
East Cathy, AR 51129"
901,901,"347 Thompson Estates Apt. 030
West Thomasside, WA 64764"
902,902,"2464 Rhonda Ports Suite 921
Danielchester, OH 43317"
903,903,"8075 Troy Motorway Suite 423
West Erica, WI 73541"
904,904,"580 Sanders Estate Suite 113
West Angelfurt, NJ 48137"
905,905,"6661 Lopez Course Suite 397
North Thomasview, NY 27315"
906,906,"54819 Hunt Oval Apt. 729
Christinaberg, MS 51323"
907,907,"48569 Adam Manor Apt. 545
Port Carlyside, OK 50286"
908,908,"08723 Herring Ramp
East Jessica, HI 10984"
909,909,"94213 Rodriguez Lights
New Robert, NE 69409"
910,910,"45941 Tammy Spurs
Joshuafort, MD 93308"
911,911,"9424 King Land
Wallborough, VA 90883"
912,912,"428 Jessica Plains
Dunnland, MO 10561"
913,913,"515 Charles Stravenue
North Tinachester, IL 18225"
914,914,"2101 Duncan Vista
Jillstad, MT 39416"
915,915,"8516 Carter Way
Jeremyborough, MD 28508"
916,916,"51796 Sheri Ridge Suite 109
Jamesside, IL 34329"
917,917,"251 Nicole Island
New Sarah, NE 59349"
918,918,"05577 Salazar Coves
Lake Sandra, MD 70921"
919,919,"5141 Jonathan Shoals
Medinamouth, MN 57832"
920,920,"479 Boyd Squares
West Tracymouth, WA 67333"
921,921,"0804 Riggs Underpass Suite 743
Stevenmouth, TX 16725"
922,922,"470 Taylor Vista
Kristyfort, WY 28887"
923,923,"896 Dana Lights Apt. 127
West Jessicabury, NH 39363"
924,924,"725 Humphrey Passage Suite 648
North Timothy, NH 35489"
925,925,"992 Ali Turnpike Apt. 576
Smithburgh, AZ 30160"
926,926,"589 Rebecca Center
Michaelhaven, WI 23759"
927,927,"04745 Amanda Haven
Meganhaven, LA 97727"
928,928,"16123 Jennifer Rest
Dunnfort, WI 90131"
929,929,"6392 Vanessa Shoal Apt. 457
Wrighttown, WY 57380"
930,930,"76824 Teresa Place
Whitneychester, GA 61615"
931,931,"95045 Jackson Port
Port Aliciamouth, SD 77668"
932,932,"Unit 5667 Box 5020
DPO AP 50012"
933,933,"USCGC Harris
FPO AE 55409"
934,934,"2547 Barrett Greens
Jennahaven, NH 73603"
935,935,"Unit 2546 Box 5457
DPO AP 82274"
936,936,"131 Smith Villages Apt. 339
Anthonyton, KY 50961"
937,937,"3592 Lori Roads
Jacquelineport, OH 39232"
938,938,"664 Johnson Circle
Scottshire, ND 82735"
939,939,"34368 Taylor Drive Apt. 944
Laurieburgh, PA 14197"
940,940,"86924 Samuel Glens
East Jasonshire, NV 54718"
941,941,"88281 Mason Views Suite 949
Ronniehaven, AK 51727"
942,942,"77155 Darrell Well Apt. 837
Osbornestad, GA 93510"
943,943,"11894 John Parkway Suite 967
East Michael, NC 50016"
944,944,"14340 Lauren Road
Alexanderville, VT 80429"
945,945,"USNS Williams
FPO AA 45215"
946,946,"73872 Griffin Divide
Lake Josephport, AK 29126"
947,947,"77155 Stephanie Mountain Apt. 058
Williamsstad, NC 07724"
948,948,"8647 Mariah Path
Barrettside, OR 84866"
949,949,"032 Melissa Locks Apt. 616
Port Robertside, IN 27523"
950,950,"984 Anderson Squares Suite 501
Johnsonside, GA 53878"
951,951,"339 Goodman Square Apt. 551
Lake Ashley, NC 28164"
952,952,"3860 Michael Hills
Melissaville, AK 80812"
953,953,"451 Atkinson Ranch
Heathermouth, AL 73032"
954,954,"USNV Peterson
FPO AP 42498"
955,955,"01843 Knight Gateway Apt. 558
Port Karentown, LA 98006"
956,956,"USNS Edwards
FPO AE 68989"
957,957,"9101 Davis Isle Suite 778
East Meredithhaven, UT 39206"
958,958,"1530 Robert Ford Suite 244
Rodriguezville, IA 62063"
959,959,"8490 Crosby Cape
Andrewston, AL 23176"
960,960,"96701 May Estates Apt. 815
Ashleyberg, ID 42458"
961,961,"4536 Jerry Hills Apt. 304
Lake Johnbury, WV 45463"
962,962,"94713 Ferguson Dale Suite 661
East Jeremy, IN 42025"
963,963,"30248 Horton Groves Suite 872
West Codyborough, WY 06092"
964,964,"735 Morales Mall Apt. 853
Danieltown, DC 65934"
965,965,"11986 Tucker Groves Suite 604
South Catherine, ME 64848"
966,966,"5838 Julie Turnpike Suite 385
Port Elizabeth, TX 52665"
967,967,"22441 Paul Grove Apt. 725
Joditon, DC 35905"
968,968,"07726 Lisa Fall Suite 994
Lake Ericstad, OK 31621"
969,969,"11278 Silva Port Suite 231
Joneschester, VA 99276"
970,970,"9990 Cross Way
Christopherchester, AK 58864"
971,971,"288 Elijah Valleys Apt. 696
Johnsonchester, RI 50441"
972,972,"USS Russell
FPO AE 02306"
973,973,"3046 Christopher Turnpike
West Valeriemouth, WV 89692"
974,974,"1444 Michael Mountain
Elliottmouth, NC 65015"
975,975,"9721 Alexandra Mill
Lake Bethhaven, HI 05599"
976,976,"9279 Garcia Field
Paulborough, AK 12434"
977,977,"4711 Whitehead Highway Apt. 546
Port Alexisview, MS 12449"
978,978,"788 Karen Crescent Apt. 322
New Shanefurt, MT 41429"
979,979,"0586 Miller Junction Suite 799
Angelaville, MO 55832"
980,980,"780 Benjamin Lodge Apt. 077
South Jeffrey, NY 70793"
981,981,"114 Reginald Pine
Torresview, MT 45018"
982,982,"901 Munoz Mission
East Kellyborough, KS 56995"
983,983,"2056 Sabrina Fall
Carsonhaven, PA 68459"
984,984,"64682 Francis Circle Apt. 187
New Theresa, UT 95823"
985,985,"867 Hendrix Estates
New Melissa, IL 01260"
986,986,"5056 Rebecca Prairie Apt. 054
East Joshuaview, MD 30052"
987,987,"25650 Laura Glens Apt. 521
Davidfort, AR 20243"
988,988,"29486 Baker Terrace Suite 215
New Carolstad, SC 26500"
989,989,"8945 Juan Run
Garciahaven, VT 98374"
990,990,"243 Wayne Flat Apt. 726
Annaton, MN 85646"
991,991,"49036 Jennifer Turnpike Suite 937
Greenside, SD 66292"
992,992,"0806 Cross Summit
West Joelstad, NC 89046"
993,993,"5702 Martinez Square Apt. 613
North Kimberlyport, NJ 27069"
994,994,"06391 John Valleys
Elizabethfort, VA 96742"
995,995,"27622 Derrick Turnpike
Edwardton, RI 05518"
996,996,"82486 Caroline Mall
Colliermouth, OR 16445"
997,997,"90513 Caleb Spur Apt. 087
Lake Patricia, GA 31595"
998,998,"863 Brown Estates Suite 195
Christopherchester, CA 38516"
999,999,"317 Shaun Tunnel
Edwardsberg, AL 28962"
