id,full_name,email,phone
1,Shannon Marshall,hclay@example.net,5136134603811
2,David Hunt,jonathan04@example.org,8772208012381
3,Jay King,richard32@example.net,1717732846410
4,Michelle Spencer,hilljudy@example.net,4437227990317
5,Anthony Nelson,gloriaolson@example.com,1221668523317
6,Jeffrey Lopez,stephensnathan@example.net,2084758567610
7,Sarah Santos,cuevascheryl@example.com,0115866007546
8,Christopher Walker,michaellee@example.com,0265887820759
9,Nancy Finley,ldominguez@example.org,1503158068779
10,Jose Willis,stephanie45@example.com,5634159014726
11,Mariah Padilla,april51@example.org,5382992235289
12,Matthew Brooks,deborahmooney@example.net,3472466020756
13,Kelly Barber,tammy68@example.com,9379283865345
14,Dakota Turner,kyle14@example.net,9928489011442
15,Ryan Lopez,lewisedward@example.com,7455129358793
16,William Morales,hawkinsmatthew@example.com,4950304306685
17,Jordan Stevens,hfisher@example.com,4188351944486
18,Michael Watson,jonesmonica@example.com,6795746798371
19,Pamela Smith,ublackburn@example.org,0968382850130
20,Joan Romero,mbrewer@example.org,2023474775292
21,Kimberly Hanson,tgarcia@example.net,4405536574110
22,Scott Combs,geraldadams@example.com,8430388272405
23,Marvin Harris,tpena@example.com,7209662193273
24,Carol Quinn,mmontgomery@example.org,4010226586714
25,Walter Campbell,mwhite@example.com,4567472168025
26,Jacqueline Smith,diaztaylor@example.net,9206322106463
27,Taylor Robinson,linda24@example.com,1445076811939
28,Monica Stephenson,debbiewheeler@example.com,1253099439703
29,Sandra Suarez,umendoza@example.com,9997236139263
30,Timothy Campbell,vterry@example.com,5798227889570
31,Jennifer Newton,vscott@example.com,2480866301058
32,David Mathis,lanejerry@example.net,0458236373306
33,Lawrence Hahn Jr.,unewton@example.org,3641899027786
34,Jeremiah Vega,kevin88@example.net,9541043989809
35,Shannon Adams,simpsonkatherine@example.com,8919504964945
36,Phyllis Edwards,michaeltaylor@example.com,9509158928478
37,Kenneth Ramirez,jason05@example.net,4463438673407
38,Tiffany Hall,daniellerussell@example.org,3173427735805
39,Joshua Castillo,michaelfernandez@example.org,2246014448407
40,David Ramsey,elizabeth22@example.org,5700640426142
41,Ronald Vega,bryan15@example.org,4410335811047
42,Jacob Wyatt,laura40@example.org,3589574835911
43,Ricky Torres,john46@example.com,6833558364513
44,Adam May,tgonzales@example.org,5040783371185
45,Jason Reed,bdavis@example.net,8149307325194
46,Ms. Virginia Murray,knoxjeffrey@example.com,0838038730298
47,William Lucas,hallray@example.com,0105261348854
48,Christopher Melton,kentmichelle@example.com,5178315412391
49,Melissa Ho,howardnancy@example.com,1102073273416
50,Nichole Mason,rebecca80@example.net,8145690571564
51,Stacy Patel,ashley83@example.org,7582158782328
52,Melissa Alvarado,jessicabaker@example.com,9323931048917
53,Ronnie Baker DDS,michelethomas@example.net,1817968311978
54,Natalie Parks,gordonmaddox@example.com,7894928356768
55,Luis Rivera,yrodriguez@example.com,1592209748225
56,Kara Mckay,carlaporter@example.org,6003176375113
57,David Kelly,nlevine@example.com,8876719327942
58,Stuart Gould,gardnerjessica@example.com,7661162065596
59,Megan Mathews,irogers@example.com,6208695083768
60,Stacey Rogers,jody17@example.org,6841378628797
61,Nancy Franklin,melissa22@example.com,3259628480159
62,Nicole Ochoa,kiddjohnathan@example.net,4956520167784
63,Rachel Valentine,wagnermegan@example.net,6912884841118
64,Mark Munoz,harrismarcus@example.com,9170063442392
65,Linda Tucker,uhunter@example.org,0165810843308
66,Scott Johnson,andrewsdiana@example.net,4675646595794
67,Caitlin Cervantes,christopheralvarez@example.com,3591845097942
68,Alexis Allen,justin50@example.com,5116466049474
69,Brandy Johnson,adrianhowell@example.com,3915299881822
70,Timothy Tyler,garciastephanie@example.net,0277612551907
71,Michelle Alexander,thompsonjessica@example.com,2906702031912
72,Amanda Henry,ericlewis@example.com,6790996276064
73,Molly Johnson,elizabethanderson@example.org,6857425408003
74,Paul Anderson,kmcbride@example.com,5285919345830
75,Chelsea Acosta,scott24@example.org,5860536488214
76,Tabitha Diaz,teresa88@example.com,3942630710374
77,Nicole Jones,hstewart@example.com,0905633303656
78,Melissa Rivera,whitewanda@example.org,4813706467799
79,Ian Holt,lopeznicole@example.com,5089900435311
80,Jeffrey Dickson,claire33@example.org,8129013373915
81,Elizabeth Wilcox,rjohnson@example.org,0515291712746
82,Stacey Hughes,williamsonnicole@example.com,2939207862864
83,Nicole Porter,kristina72@example.org,6468697059210
84,Jorge Robbins,ashley84@example.org,1391586919763
85,Amy Deleon,pbrown@example.com,7453747788240
86,Lisa Hernandez,stewartcharles@example.com,9226243590278
87,Robert White,michael25@example.com,2650560940870
88,Joel Wright,jenniferthomas@example.com,1256210963900
89,Roy Martin,steinchristopher@example.net,7643361695065
90,Emily Jensen,zhuang@example.com,0369259910711
91,Daniel Reed,james78@example.net,5326440229547
92,Jennifer Burch,wallacedavid@example.org,6108315076086
93,David Garrison,davisanthony@example.com,6926498714061
94,Jordan Cabrera,wlewis@example.net,0099789043279
95,Mrs. Tina Mitchell,xholmes@example.net,9610305474559
96,Anna Patterson,michelle78@example.net,5640574285085
97,Nicholas Mendoza,victoriagarcia@example.com,4923449831759
98,Nicole Robinson,williammyers@example.net,5485295040643
99,Allen Hunt,lroman@example.org,4998851359727
100,Peggy Spencer,tonya99@example.org,5676188085831
101,Jessica Johnson,caseyhughes@example.org,2413757938441
102,Melissa Swanson,debrapitts@example.org,0350577613260
103,Abigail Barton,glovermonica@example.net,3878220831528
104,Elizabeth Koch,wagnerpatrick@example.com,7705958275890
105,Alexander Sparks,agilbert@example.net,0127777311652
106,Rebecca Jones,lindsay94@example.org,4184821913903
107,Patricia Murray,tdavis@example.com,3191575889091
108,Michael Ayala,pamela93@example.net,9361234006987
109,Evan Moore,vmccormick@example.com,9679875701262
110,Gregory Cook,ualvarez@example.net,8710122879058
111,William Jennings,adamsjuan@example.com,2213013235760
112,Jason Burke,whitenicholas@example.com,9055391734353
113,Ethan Smith,joseph04@example.net,8822892980231
114,Heather Roberts,sydneysweeney@example.net,6351740463753
115,Nancy Ray,raymondwashington@example.com,5728438004339
116,Corey Edwards,chelsea66@example.org,7883530488219
117,Cheryl Garcia,kelly99@example.org,7797509239797
118,Cynthia Edwards,gpugh@example.com,5042185885751
119,Elizabeth Morales MD,greenerichard@example.com,0916155748312
120,Meghan Morgan,connorstewart@example.com,3339931365694
121,Brandon Zimmerman,ypatton@example.com,5692486698092
122,Frank Smith,josephsampson@example.org,1583651609796
123,Daniel Robinson,zwolfe@example.org,6703442192657
124,Sheryl Clark,mjackson@example.net,7951256813907
125,Brian Smith,qbrown@example.com,9370471373432
126,Crystal Perez,chandlerlindsey@example.org,9154519102262
127,Sean Nguyen,esmith@example.org,0697253045361
128,David Salas,wesleyhoover@example.org,5631776573491
129,Laurie Everett,tylerrichards@example.com,2584166991735
130,Robert Shaw,schaeferkyle@example.net,3263953406232
131,Amanda Young,olivia08@example.org,5052913446515
132,Samantha Lee,ulopez@example.org,5339715357994
133,Joseph Todd,drewyoung@example.org,3489654266380
134,Zachary Williams,hinesamanda@example.net,0387632092875
135,Leslie Gomez,andreaedwards@example.net,8432637659961
136,Tracy Moore,nicole84@example.org,0172226039803
137,Joe Gates,janiceelliott@example.net,8855065084056
138,Heather Baker,wdaniel@example.net,2688989049926
139,Stacy Weeks,brownlouis@example.org,2117667719322
140,Tammy Townsend,georgele@example.com,9718697239958
141,Lisa Manning,kaitlyn28@example.net,0043574664145
142,Ariana Adams,kristinshelton@example.com,8920504819936
143,Alan Salazar,edward89@example.org,7197711522695
144,Gary Harvey,charles19@example.net,4028896606571
145,Ashley Howard,courtneyespinoza@example.net,3395796383337
146,Valerie Delgado,mccormickbryan@example.org,1256868676615
147,Edward Mitchell,zwhite@example.org,5555227793404
148,Arthur Blackwell,kennethpacheco@example.com,9547459150821
149,Michael Diaz,dianabrown@example.com,4400715351819
150,Mr. Andrew Chung PhD,adamowens@example.com,5052329451207
151,Dr. Elizabeth Cole,johnharper@example.net,2538050148290
152,Charles Anderson,tschmitt@example.com,8896630178701
153,Andrew Brown,hubbardheather@example.org,8313291178394
154,Jill Griffith,oowens@example.org,2703420073801
155,Michael Horn,ricardo43@example.net,8095673805108
156,Desiree Nichols,jeffreyorr@example.net,6205357720063
157,Philip Scott,steelematthew@example.org,0419870411237
158,Bryan Gross,kwhite@example.com,4011734388143
159,Mr. Timothy Walker III,reyesmichelle@example.net,5088840771292
160,Thomas Wallace,gallowaynicholas@example.net,3258794803826
161,Cynthia Yu,kevinsanders@example.com,8757581461056
162,Brandon Warren,larry70@example.net,3644392867427
163,Kristen Carney,willismatthew@example.org,7653362635603
164,Andrea Warren,angela81@example.org,6642159394805
165,Lori Moore,emily42@example.net,9697196696606
166,Marcus Patterson,jensendavid@example.net,2200185972361
167,Mark Spencer,thompsonjessica@example.net,0834214619112
168,Troy Jensen,robertclark@example.org,0174452255118
169,Cynthia Roy,gainesangelica@example.org,3853638378313
170,Ryan Graham,elizabethwheeler@example.org,9387046661830
171,Tricia Calderon,harmonwesley@example.net,9079344365635
172,Christopher Watson,duane73@example.net,4773907144425
173,Patricia Dixon,nicolebell@example.org,4516184786476
174,Michelle Morris,codymatthews@example.net,3435943094392
175,Adrian Brown,tiffany41@example.com,4609849225557
176,Randy Miller,ojones@example.net,9982296044623
177,Adam Little,ana37@example.net,0004024132551
178,Amanda Rose,iwade@example.net,0291599328554
179,Jerry Lawrence,greerheather@example.com,3899506932101
180,Steven Stuart,warroyo@example.net,5341545074471
181,Amanda Wright,brianhiggins@example.net,7489982455148
182,Jon Dominguez,kimberly73@example.net,2564387911427
183,Dr. Christopher Kramer,monroejessica@example.com,3249975519291
184,Leslie Johnson,melissadiaz@example.org,8041769154809
185,Karen Hayes,davidmorales@example.net,3725274037716
186,Theresa Castro,gevans@example.net,6794599954025
187,Dr. John Compton DVM,thomasdiane@example.com,1661104824891
188,John Bauer,patrick34@example.org,5777612063236
189,Sean Hines,josephgutierrez@example.org,9304875967294
190,Lawrence Barrett,hannah89@example.org,5485451346855
191,Felicia Farmer,rjoseph@example.org,7500846165542
192,Michael Hunter,framirez@example.org,4054827823945
193,Matthew Jones,woodjoe@example.com,8738165595510
194,Jonathan Odom,alexander82@example.org,3864677988131
195,Eric Alvarado,jmorris@example.com,6468768016710
196,Jennifer Freeman,usullivan@example.net,3647514158410
197,Susan Allen,dunlapgeorge@example.com,0370941215863
198,Aaron Walls,kimberlyhudson@example.com,0380280833369
199,Lori Johnson,edwin39@example.org,7127096414007
200,Alexis Fernandez,lcrawford@example.org,3719970310923
201,Derek Gibbs,joneskenneth@example.org,8926907414349
202,Joseph Martin,rodriguezeric@example.net,0330032508590
203,Blake Chandler DVM,johnnyabbott@example.net,2182052677923
204,Christian Walker,pereznicholas@example.com,8534550859068
205,Daniel Davis,katelynnguyen@example.org,3842891305465
206,Carol Cox,cameronpreston@example.net,0763589301889
207,Gary Smith,jason07@example.net,5067922453875
208,Ruth Bonilla,jennifercaldwell@example.net,1393677240564
209,Nicole Saunders,urogers@example.com,7660888722079
210,Michael Perez,holtkatelyn@example.net,0841351367609
211,Mr. Brian Huynh,matthew30@example.com,0306082695711
212,Lisa Davis,davidgriffin@example.net,5953614273544
213,David Garrison,washingtoneric@example.org,6937006651031
214,William Martin,copelandrobin@example.com,6092408332644
215,Ashley Mccullough,melissa80@example.com,3263530743121
216,Molly Jackson,garygeorge@example.com,6523297210022
217,Suzanne Smith,owensricky@example.org,8933141355874
218,Tyler Taylor MD,rodriguezerin@example.org,2651214940308
219,Christopher Perez,angela37@example.net,6638787536271
220,Michael Morales,bjones@example.com,2143322655388
221,Angela Griffith,julieolsen@example.net,1600241622771
222,Alejandro Barrett,schultzdiane@example.net,0222434539331
223,Terri Ortega,alyssa51@example.com,7724334537810
224,Christopher Johnson,raymondfrost@example.com,4140342173161
225,Angela Mitchell,sabrina87@example.net,2439837469779
226,Jay Lewis,taylor94@example.com,8609569397762
227,Renee Cole,dominicwalter@example.net,6527319229364
228,Michael Murphy,vpope@example.net,5092625851390
229,David Horton,cruzjoseph@example.net,4520628920822
230,Michelle Hernandez,nancyweaver@example.net,0008531580212
231,John Gibson,zachary79@example.com,9199499764406
232,Krista Gibson,shernandez@example.org,5479285457135
233,Christopher Vaughn,ralph13@example.net,7785813368473
234,James Sampson,mcgeecarolyn@example.org,0283336441416
235,Hannah Mcdonald,khunter@example.org,9869768743218
236,Angela Johnson,cbeard@example.org,5100836436171
237,Jasmine Johnson,gomezmark@example.com,0514277569401
238,Luis Whitehead,perezmichael@example.org,5283439877704
239,Tara Thomas,lynn02@example.org,1966442136621
240,Heather Stewart,eric76@example.net,2187481587053
241,Andrea Martinez,amandabrown@example.org,1052004166648
242,Caleb Sanchez,taylorherring@example.com,0571229262711
243,Brandy Ward,kevinortega@example.org,5266138549277
244,Danielle Porter,ryan99@example.com,9975800131680
245,Crystal Grant,cross@example.org,2333436088854
246,Dr. Alec Bradley DDS,allenmarcus@example.org,9640485963932
247,Antonio Reese,tharvey@example.com,6885783223179
248,Paul Macdonald,byrdholly@example.org,1065320180752
249,Tammy Wright,vthornton@example.net,6096038769667
250,Sheila Blake,reynoldsshannon@example.net,0093896285417
251,Veronica Deleon,alexandermadison@example.org,5862166221886
252,Monica Harris,wquinn@example.org,3731314799472
253,Sergio Ortiz,nrobinson@example.com,7728659778972
254,Christina Banks,brian69@example.net,8042025476393
255,Karen Davis,christophermyers@example.org,3698472315888
256,Bailey Jones,alicia45@example.net,6257158152198
257,Andrew Stout,christian02@example.org,7332627693865
258,Christopher Hobbs,saramerritt@example.org,7931709695427
259,Brandi Wilkinson,melissacalderon@example.com,0716473252518
260,Gregory White,brianblackwell@example.org,1607318729402
261,Heather Smith,stacey36@example.com,7583700856286
262,Victoria Dixon,shawnathan@example.com,1852253663623
263,Stephanie Lyons,cindyrichard@example.org,2812265517289
264,Michele Fields,boothkathleen@example.com,3069488639243
265,Amy Thomas,francisco47@example.com,4320784094445
266,Joshua Hill,icarpenter@example.net,2594531066298
267,Christopher Coleman,grahamjeremy@example.org,5335227991377
268,Candice Hernandez,boothcharles@example.com,3078077837036
269,Isaac Suarez,thompsonamy@example.com,0941329086529
270,Katherine Weber,alexandertravis@example.org,2893335833434
271,David Wade,lawrenceherrera@example.com,7880108287871
272,Madison Jones,nataliepeterson@example.net,7632082730152
273,Misty Mooney,kwillis@example.net,2677668188447
274,Jeffrey Nelson,sgonzalez@example.com,8665006404510
275,Cody West,robertssierra@example.org,9421572906914
276,Michele Wood,xwilliams@example.org,2303194150877
277,Ryan Mcconnell,ofox@example.com,9689829872124
278,Blake Austin,jennifer73@example.com,2561275095152
279,Jody Dunn,kgallegos@example.com,0143124384143
280,Diane Pratt,nfischer@example.net,8332681859058
281,Angela Jimenez,carlos36@example.com,5833023539766
282,Zachary Stevens,adriansims@example.org,6864862990164
283,Jason Smith,dnelson@example.com,3151016899146
284,Kimberly Scott,stephanie74@example.org,1115419749970
285,William Fuentes,ryan54@example.com,6272744310167
286,Joshua Harris,burnsryan@example.net,5963166347307
287,Sierra Brown,autumnjohnson@example.org,4021872394358
288,Gina Castillo,wmartinez@example.org,5436838015368
289,Linda Kelly,haleluis@example.net,2357612184411
290,Christopher Griffin,lisa94@example.com,7569781214127
291,Kevin Cruz,brenda36@example.com,3370811070109
292,Daniel Wade,mckenzieestrada@example.com,4041220602624
293,Kyle Howe,tonya79@example.net,5741424585492
294,Brittany Norman,matthew31@example.net,9011128743352
295,Jennifer Lawrence,lisameadows@example.net,3233992316732
296,Dana Mcbride,lewisnathaniel@example.net,6964574174428
297,Jason Bryant,yhayes@example.com,4131164990967
298,Anne Wright,armstrongamanda@example.net,1015259589260
299,Nathan Garcia,qfrank@example.org,5251106557291
300,Stacey Sullivan,amber78@example.org,8670796168311
301,Nicholas Crawford,msilva@example.com,5245827345218
302,Gary Woods,jenniferscott@example.com,1694653506412
303,Charles Orr,cuevaskelly@example.org,4206106331752
304,Edward Martinez,inguyen@example.com,8736888865700
305,Jerome Moore,ecook@example.com,5998343137177
306,Michael Ward,rebeccajohnson@example.net,0325913527890
307,Laura Mitchell,nathanweber@example.net,4367764775224
308,Neil Thompson,saraadams@example.net,7163396289154
309,Rachel Cooper,ddonovan@example.org,2613489134231
310,Justin Walters,qhawkins@example.org,7239580084682
311,Victor Lopez,rjames@example.org,4610388754786
312,Emily Brown,cspencer@example.com,8285927617493
313,Benjamin Smith,jamiefisher@example.net,5792178439036
314,Gabriel Freeman,tlane@example.net,7468776840891
315,Donald Hurley,thomas65@example.org,8243743655652
316,Micheal Boyd,donna23@example.com,4147808942286
317,Maria Scott,stacy54@example.org,9990537816243
318,John Gonzalez,adamsevan@example.org,7608378988073
319,Amber Strickland,rwheeler@example.org,4275367476796
320,Thomas Rivera,morganantonio@example.com,5034117527366
321,Ashley Carter,mullinsdaniel@example.net,3097370106188
322,Amanda Berry,joannbailey@example.org,0402492297510
323,Emily Mcdowell,dana53@example.net,4342674824786
324,Jessica Novak,joshua99@example.org,6679947741823
325,Michael Skinner,johntapia@example.com,5237874450943
326,Kyle Gomez,kelsey84@example.org,0710866504590
327,Ryan Johnson,munozandrew@example.com,1422258190817
328,Brian Mendez,rjacobs@example.org,0821895365379
329,John Woods,brianford@example.net,3382403587371
330,Pamela Hicks,obonilla@example.com,0473628279053
331,Dwayne Ochoa,morgan61@example.org,0806159574629
332,Rebecca Baxter,amy36@example.org,4121702850958
333,James Wright,paynethomas@example.com,1558978058650
334,Michael Parsons,ruben18@example.org,9349617161036
335,Carrie Brown,millerbrenda@example.net,9202008569277
336,John Horn,heathermercer@example.org,4748427859943
337,Amy Parker,luispayne@example.com,8261737128008
338,Alexandra Clay,tanyawilson@example.com,0639127451750
339,Jessica Bennett,caseyewing@example.net,1039394392544
340,Lisa Martinez MD,shaney@example.net,6754231936051
341,Jennifer Holmes,yvelasquez@example.net,5416578130069
342,Phillip Day,gina67@example.org,1223537260502
343,Brenda Silva,ianderson@example.net,6892774702515
344,Holly Morris,andrewsheppard@example.org,5891761356654
345,Megan Morrow,barbaraespinoza@example.org,1425600545563
346,Daniel Brown,amanda35@example.com,0754814291254
347,Sarah Thomas,heatherparker@example.net,3624505216430
348,April Taylor,bphillips@example.com,9237559181787
349,Alicia Scott,qsanders@example.net,3398214905441
350,Rebekah Mason,juangreen@example.org,4376460171999
351,Joshua Lee,josephkennedy@example.net,6152881382690
352,Angela Flores,rosealan@example.com,2290231324994
353,William Jones,charleswashington@example.com,6876842597899
354,Emma Underwood,anthony51@example.com,4772286478899
355,Jose Gregory,hbowers@example.net,4507276295158
356,Jason Hansen,hinesmelanie@example.com,7728428913409
357,Mary Short,natalie90@example.com,0454817539450
358,Kenneth Benson,snydertaylor@example.org,4331237317275
359,Krystal Farmer,steinwalter@example.net,9611595417800
360,Mark Abbott,fhernandez@example.org,3006211342709
361,Sharon Vazquez,davilacraig@example.org,3479074232701
362,Susan Hill,pjohnson@example.com,5077081286493
363,Rachel Montoya,natalieshea@example.com,6330674880410
364,Maria Rodriguez,herringkimberly@example.com,3621229625929
365,Thomas Ingram,zwheeler@example.com,1781429342174
366,Lauren Lopez,angelalandry@example.com,0553275195341
367,Robert Evans,tara11@example.com,0171969259176
368,Raymond Booth,laura10@example.net,8685430433501
369,Julie Davis,maureen03@example.net,2881795161024
370,Kristina Fritz DDS,valenzuelachristopher@example.net,6285755230472
371,Kenneth Johnson,johnsonmatthew@example.org,0825965085580
372,Jerry Taylor,cmarquez@example.org,6404930570889
373,Lawrence Edwards,pdavis@example.org,3453269022178
374,Melissa Robinson,carlos10@example.com,9448580801705
375,Samantha Adkins,christensenmegan@example.net,1587978667671
376,Theodore Sanchez,faithmiller@example.net,2352214260872
377,Mary Williams,fsimpson@example.org,9383122909489
378,Wendy Sheppard,ericahicks@example.com,3296851893414
379,Lynn Flynn,vharvey@example.org,6789934035231
380,Joshua Nunez,wolftodd@example.org,4787460065368
381,Rodney Case,ginacollins@example.com,0777338562512
382,Steven Davis,todd12@example.org,6461048983587
383,Larry Hicks,barretttyler@example.org,9716217945764
384,Julie Jennings,jillwalker@example.org,5076795782265
385,Allison Washington,nlopez@example.net,2192544090114
386,Stacey Harrington,michellebennett@example.net,2781832744536
387,Timothy Johnson,natalie79@example.net,9620387354438
388,Jenna Acevedo,andersonchristopher@example.org,2214063429814
389,Richard Hayes,donaldrobinson@example.org,9498639780746
390,Mark Lopez,thomas63@example.net,0878878580235
391,Kristen Riley,lori77@example.net,9410301842349
392,Angela Clark,bergkyle@example.org,5651295739410
393,Lisa Ellis,william89@example.net,8713448118363
394,Lauren Brown,joannlin@example.org,6414776038991
395,Allen Mcbride,carla86@example.net,6620918784403
396,Douglas Salazar,xjones@example.org,4991651786083
397,Michael Ray,stephaniehamilton@example.org,6776353702704
398,David King,jessica51@example.net,5923265137967
399,Casey Maynard,egreen@example.org,5448556918727
400,Elizabeth Clark,susanwoods@example.com,4184069346491
401,James Todd,shirley96@example.com,3527569039672
402,George Wright,gilesjennifer@example.com,6685064329645
403,Michele Jenkins,gutierrezjacqueline@example.net,0963260817727
404,Zachary Ward,xsmith@example.net,0167311979262
405,Steven Charles,adamskirsten@example.net,6907851324331
406,Mary Luna,ycarr@example.com,3747996881941
407,Mr. Joshua Cooper Jr.,aglover@example.net,4878993728623
408,Kirsten Allen,sbowman@example.org,5618720251519
409,April Whitehead,rebecca93@example.com,3459908371595
410,Joshua Ochoa,mendozacindy@example.net,4996826478929
411,Mary Thomas,lucaschristopher@example.com,7880074893851
412,Mary Hernandez,nelsonmartin@example.org,1979204770780
413,Colleen Ward,dramirez@example.com,8313133994887
414,Patricia Hayes,umartin@example.net,9527988176618
415,Elizabeth Cowan,terryrose@example.org,9305913259779
416,Nancy Miller,lee31@example.org,1197033388372
417,Michael Fox,leonardraymond@example.org,5715004804396
418,Danielle Moore,rebekahwhite@example.net,1795219863922
419,Jennifer Garcia,jay15@example.net,1794011394000
420,Seth Taylor,hphillips@example.com,5215306873424
421,Timothy Mata,fordjonathan@example.net,7426712037412
422,Kevin Thomas,jonathansantiago@example.net,8902850064547
423,Holly Smith,xphillips@example.net,3508041650055
424,Katherine Oneill,idixon@example.net,0665638689098
425,Terrence Perez,ksalas@example.org,3241065471938
426,Emily Fisher,danieltaylor@example.com,8340602812567
427,Kimberly Young,ejones@example.org,1126927819029
428,Andrew Burns,reedelizabeth@example.net,1120020628678
429,Miranda Dalton,gsmith@example.com,7749550050848
430,Michael Avila,eugeneroman@example.com,0704455980455
431,Angela Dunn,ilewis@example.net,9340988933302
432,Dustin Taylor,abentley@example.org,2124131416008
433,Shelby Daniels,philip86@example.org,2732410382628
434,Kelsey Pierce,haynestyler@example.org,9360304556567
435,Kevin Mcdonald,fblack@example.com,1730718885829
436,Christine Brown,matthew52@example.org,3926507837685
437,Jeremy Hawkins,jasonsantos@example.net,6245955046890
438,Toni Hall,krussell@example.net,6186499664490
439,Valerie Cruz,roberthinton@example.org,1632026386182
440,Amanda Gonzalez,shelbywolf@example.com,2971248911360
441,Leslie Bradshaw,coledavid@example.net,7025598695578
442,Mary Simmons,mmoore@example.org,9368699226941
443,Paul Williams,myersscott@example.net,9283391129868
444,Jason Sanchez,kreyes@example.com,1247767335717
445,Susan Henry,lindaboyd@example.com,8811060247822
446,Madison Bauer,jeffreyhood@example.org,8379236049047
447,Leslie Mcintyre,joneskevin@example.net,4755832264122
448,Sarah Wright,qtorres@example.com,5049191839775
449,Thomas Aguilar,alyssa35@example.net,3114183355772
450,Evelyn Rivera,middletonkim@example.com,6927476830488
451,Larry Contreras,sarajones@example.org,7357051599412
452,Kara Williams,rodneyfuentes@example.net,4237861726448
453,Jasmine Green,vparker@example.net,7978083438566
454,Brian Adams,dphillips@example.com,4160345324993
455,Marvin Robinson,mary50@example.com,6316762820884
456,Kyle Gordon,daniel91@example.com,8177808830848
457,Betty Barry,cwade@example.net,1394023168658
458,Michael Peck,ewilliams@example.com,5668847890912
459,Emily Jones,moorekevin@example.com,8830235726535
460,Lydia Johnston,richardvazquez@example.net,0502906601123
461,Nathan Turner,hortonbeth@example.com,1672266801179
462,Rachel Jarvis,tony80@example.org,2430552413238
463,Larry Donaldson,bishoplisa@example.net,8972683479497
464,Sean Riley,whitetheresa@example.org,4847536277442
465,Mr. Chad Rivera PhD,ygraham@example.com,2745540207210
466,Jessica Bullock,jsharp@example.org,7722596237777
467,Patricia Burgess,john21@example.com,9399105789675
468,Mr. Peter Mendoza Jr.,emorales@example.com,9892061483805
469,Barbara Spencer,elizabethcox@example.com,3286985559102
470,Danielle Ashley,michaelgilmore@example.org,4595883343217
471,Anne Craig,shelby97@example.net,8083689886584
472,Aaron Moore,vgarcia@example.net,1752568153609
473,Terry Bowers,hensonandrew@example.com,2028573017377
474,Jason Burton,sandra32@example.net,1492352615599
475,John Bentley,cwilliams@example.org,7308462156606
476,Robert Novak,jerome83@example.net,6929102535186
477,Jill Thomas,jonesshannon@example.com,4078905306028
478,Veronica Stevens,hcollins@example.net,0208382554649
479,Amy Byrd,tanyasparks@example.org,9365460283383
480,Natasha Pearson,boydbrooke@example.org,8487070633923
481,Tammy Wright,ovasquez@example.net,7119273638278
482,Abigail Scott,reevesjill@example.com,0608904908340
483,Jamie Holmes,gibsonjoy@example.org,8767208318225
484,Christopher Johnson,cwhite@example.org,3179469088739
485,Caleb Rodgers,timothydavidson@example.net,7741920070566
486,Vickie Lindsey,sarahbrown@example.org,7575232699495
487,Michelle Mills,allisontaylor@example.com,7857885396750
488,Kelly Villarreal,francisco39@example.org,4001246868037
489,Travis Rodriguez,daniellegonzalez@example.com,7185929462810
490,Steven Hart,mark08@example.com,2525831255930
491,Allen Hall,williamsmichael@example.com,5588573992477
492,Breanna Lamb,spenceellen@example.com,8732986998953
493,Alison Casey,mbautista@example.net,9341485538443
494,Karen White,heidiflores@example.net,3754406855172
495,Dawn Hooper,sabrinalopez@example.org,7563322914469
496,Melissa Harris,mmatthews@example.com,0462110917740
497,Cindy Moore,laura02@example.org,3287591402152
498,Crystal Miller,samuel59@example.com,4836732455307
499,Kathryn White,bsanchez@example.net,3316345359677
500,Norma Brooks,xgraham@example.org,3345573190826
501,Katrina Gould,anthony01@example.net,2328834471213
502,Mr. Jeremiah Wilkinson MD,bradleydonna@example.net,7834234398315
503,Jacob Hartman,kelly27@example.net,8695301843709
504,Mr. Joseph Thomas,lisa08@example.org,6227372383668
505,Jennifer Villegas,nicholas74@example.net,5227749512042
506,John Thomas,harmstrong@example.org,6884941998370
507,Alicia Waters,patriciadiaz@example.org,2815886244538
508,Keith Moore,franklisa@example.org,7656598550530
509,Ashley Hancock,angelturner@example.com,9466553172267
510,Christina Watts,dorseybrad@example.org,4520597359924
511,Crystal Jimenez,herrerajeremy@example.org,7708214481592
512,Tara Aguilar,ashley41@example.net,2825012683000
513,Debra Williams,mrivera@example.org,7508548803363
514,Sydney Smith,lopezkathy@example.net,4094592049067
515,Mr. Brett Williams MD,kimberlymarks@example.org,6969539560020
516,Andrew Carter,elowe@example.net,1261947659816
517,Rachael Sheppard,gilbertmatthew@example.org,4338116400788
518,George Cooper,matthewsmith@example.org,5779279091593
519,Cheryl Martin,wsmith@example.com,0804845801035
520,Elizabeth James,robertlove@example.org,6606025089833
521,Catherine King,mmelton@example.org,6811586644387
522,Benjamin Adams,kathy91@example.org,9398410814201
523,David Gilbert,cvelasquez@example.org,9521514444841
524,Diane Lopez,lewisjoseph@example.com,2793428167112
525,Joseph Mccullough,smithemma@example.org,0394641902004
526,James Hubbard,john81@example.com,5386808023619
527,Natalie Valdez,rjones@example.org,1919149240732
528,Daniel White,eugene53@example.com,0307611481270
529,Joshua Hayes,dorothybecker@example.net,8596560028451
530,Sean Clark,hernandezwilliam@example.org,5706285067662
531,Elizabeth Gutierrez,lawrencescott@example.org,1603968938363
532,Meghan Walsh,traci91@example.com,1773922518641
533,Melissa Owens,tracischroeder@example.com,3723680624658
534,Michele Watkins,margaretwilson@example.com,5224522798924
535,Elizabeth Lambert MD,robertsamanda@example.net,1520344702251
536,Amanda Stafford,ismith@example.com,8404140401612
537,Pamela Marshall,loganobrien@example.net,8803586677580
538,Brian Mcgee,nashstephanie@example.org,6338142249685
539,Jared Mckee,mooresophia@example.com,6781623052108
540,Matthew Figueroa,john01@example.net,1584588158857
541,Ryan Jackson,david54@example.org,2634478795609
542,Nicholas Miller,martinezdavid@example.org,9983122244106
543,Kristina Zuniga,jamesperez@example.net,4724445690059
544,Jennifer Wright,nwatkins@example.net,5882106683024
545,Sarah Reed,samantha89@example.org,0386801240683
546,Wendy Parker,julieking@example.org,5436529000732
547,Christopher Holland,zacharyturner@example.org,6778553808063
548,Derrick Sanders,mschmidt@example.com,3372470444571
549,Eric Monroe,oenglish@example.org,4391298871282
550,Michael Burns,zfleming@example.net,4784476673062
551,Tracey Walton,margaretheath@example.org,2519652747847
552,Scott Cobb,nwillis@example.net,0346953887595
553,Dr. Jack Austin,peterscharles@example.net,2519321396278
554,Jared Stone,lauraferguson@example.org,0609404743816
555,Anthony Richardson,brian31@example.com,6574455074042
556,Mark Thomas,jonesgeorge@example.com,9154051707848
557,Todd Nunez,valentineeugene@example.com,3146479181076
558,Christian Price,rarmstrong@example.org,8612513935157
559,Ethan Roman,shelbyhammond@example.com,9812070323246
560,Joseph Young,benjamin69@example.com,8495253305484
561,Brianna Cross,april00@example.net,9961159282541
562,Lisa Mcgee,johnsosa@example.org,6599165496924
563,Mark Morris,robert30@example.net,0234457154952
564,Anthony Howard,bryanmendez@example.net,5673788843966
565,Carol Patterson,nherrera@example.org,2759256954914
566,Tammy Clarke,elliottheather@example.org,6417735215796
567,Mr. Douglas Davis,greg45@example.com,4012607151155
568,Cody Harris,dustinmiller@example.net,3777051805175
569,Mr. Nathan Moore,williamhoward@example.com,3043492513434
570,Caleb Douglas,daniel43@example.net,3550360569214
571,Tiffany Davis,crystal04@example.com,1263027270517
572,Alexander Ortiz,qsavage@example.org,8948180325729
573,Robert Hull,xmendez@example.net,4723573043433
574,Gregory Walker,amcmillan@example.com,3851646540390
575,Darren Guerrero,itaylor@example.com,1406766539152
576,Amanda Hernandez,hwelch@example.com,0572001167444
577,Michael Gallegos,david72@example.net,0197771535029
578,Robin Thomas,bperez@example.com,8624648588235
579,Larry Sims,zstephens@example.com,1343673272991
580,Stephen Reyes,evelynhunt@example.org,5483105652653
581,Marc Greene,qwong@example.com,5123654960986
582,Jeffery Ibarra,rblack@example.com,0758476602236
583,Jose Anderson,jessenguyen@example.org,2153539911456
584,Heidi Wolf,wholland@example.org,8760304811436
585,Andrea Rice,james99@example.com,1963832075990
586,Tara Butler,dperez@example.net,4811807270620
587,Austin Hayden,cperkins@example.org,6619510127377
588,Theodore Oneal,yuwilliam@example.org,0342729081538
589,Clayton Browning,theresanorton@example.org,0046498625827
590,Randall Harris,reynoldsmichael@example.com,8416006520928
591,Amy Smith,michaelmartinez@example.net,0457346982579
592,Richard Steele,yfrost@example.net,0387332375731
593,Franklin Young,daniel63@example.com,8658674913010
594,Christina Scott,debra63@example.net,6109544833413
595,Tiffany Diaz,orivas@example.com,6174959766352
596,Alex Taylor,ydixon@example.net,7441716460036
597,Lawrence Chambers,smithmark@example.org,2040619130351
598,Adam Reid,brianmichael@example.net,2424744324613
599,Michelle Bennett,vleonard@example.com,4577127824696
600,James Clark,obrienalejandro@example.net,4845021404132
601,Tasha Bishop,daniel99@example.net,6015000251521
602,Amanda Smith,hgomez@example.org,7783521915761
603,Andrew Vazquez,leahbuchanan@example.net,1166716921110
604,Ashley Weber MD,leeandrew@example.org,9387542672002
605,Ernest Arroyo,igonzales@example.net,0483206772510
606,Mary Cline,kyle84@example.org,2550164096018
607,Danny Warner,amitchell@example.org,1294910545283
608,Brian Navarro,vjohnson@example.com,8015208184815
609,Brittany Hamilton,valenzuelakatherine@example.org,3852717310055
610,Linda Aguirre,jjordan@example.org,7455707896400
611,Carlos Reed,michael91@example.com,3733448144809
612,Monica Baker,dawn13@example.net,2829146727169
613,Joseph Morrow,natasha30@example.net,3500018949103
614,Heather Gonzales,mmorgan@example.org,9999115579662
615,Bryan Morris,emilyconway@example.org,1528274815269
616,Thomas Prince,raymondgallagher@example.com,7193293709726
617,Taylor Stokes,jessica07@example.org,1157438026934
618,Tracy Thomas,wmaxwell@example.net,8569496674256
619,Eric Erickson,coreywilson@example.com,8574421688514
620,Stefanie Morris,otaylor@example.com,9238917739526
621,Jonathan Rasmussen,vaughandonna@example.org,5353133776599
622,Roy Burch,jrichardson@example.org,0069325430721
623,Madison Abbott,norristina@example.com,8980473597750
624,Rhonda Hebert,petersmichael@example.net,9831000299582
625,Brittany Martin,diana11@example.net,9664841280844
626,Vanessa Powell,amy86@example.org,2520583295516
627,Bernard Cabrera,peckjames@example.net,0712528747848
628,Sarah Clark,alexandersmith@example.com,1232679750336
629,Samuel Le,walter22@example.org,1553803061906
630,Ryan Sullivan,knoxrachel@example.org,7524416345009
631,Troy Lloyd,amyyoung@example.com,3828700433941
632,Amanda Oneill,tgarza@example.org,1793645711030
633,Adam Flores,krandall@example.org,0315369036376
634,Terri Ingram,mendozajason@example.org,2486199794664
635,Emily Owens,sandra42@example.net,7105707432447
636,Lauren Lewis,bbryant@example.com,4346771370234
637,Stacy Vincent,wmcconnell@example.com,8020648615926
638,Dawn Tate,eburch@example.net,1099363981727
639,Carolyn Tucker,juliemontoya@example.com,4516298866418
640,Melanie Holmes,ibridges@example.com,4389299154037
641,Teresa Bowman,snowaaron@example.org,5100430960461
642,John Bryant,fernandezdavid@example.net,3525171368724
643,Ronald Brooks,jenniferwhite@example.org,0790680711812
644,Ronnie Hernandez,jason53@example.org,0205657436542
645,Ian Rice,uwelch@example.org,1824359505587
646,Eric Foster,kimberlybanks@example.com,2027937772581
647,Jose Mcgee,simmonsdanny@example.net,1294870245579
648,Rebecca Potter,robert56@example.org,5656154697939
649,Joshua Conway,ashley98@example.org,3773638077231
650,Vanessa Moore,marcustapia@example.net,2401242228174
651,Robert Burke,olsensandra@example.org,5181058954503
652,Andrew Lynch,benjamin87@example.net,8843227290510
653,David Jones,evazquez@example.org,5607903827386
654,Ryan Dillon,timothyrogers@example.net,8862253567712
655,Katie Conner,joshua68@example.net,2767656598788
656,George Wood,victoriarowe@example.org,1910143324133
657,Antonio Chandler,andersonfrancisco@example.org,4867849353236
658,Jason Jimenez,parkeranna@example.org,4858093268450
659,Douglas Avila,lucaswilliam@example.org,5132227421561
660,Abigail Jones,nicholas94@example.org,7164978051429
661,Judith Thomas,campbellrichard@example.com,8470339029147
662,Robert Howell,jenningsanna@example.net,2089221392095
663,Russell Willis,gibsonrobert@example.org,6997967785068
664,Michael Pena,amandamckay@example.org,5321030890892
665,Tony Maldonado,sherribrandt@example.org,5565256727313
666,Andrew Smith,melissadiaz@example.com,9825007154006
667,Teresa Malone,mark91@example.org,5761224531780
668,Suzanne Campbell,andrew31@example.net,4107999582108
669,Carla Norman,robinsontiffany@example.org,7691950172814
670,Daniel Phillips,thomas91@example.net,8941226644449
671,Kellie Walker,christina97@example.com,1621674505486
672,Jennifer Smith,jacqueline34@example.com,1857895658340
673,Charlotte Reilly,lewisrhonda@example.net,5203890584831
674,Brent Gomez,flyons@example.net,1430369313928
675,Johnny Ferguson,justinvillarreal@example.com,2537198852540
676,Lauren Roberts,reginaglover@example.org,1760222769306
677,Lisa Jordan,igarcia@example.net,8915854440344
678,David Patton,hamiltonsteven@example.net,7114930797309
679,Patrick Evans,ojacobson@example.org,1561242231179
680,Rachel Schwartz,jeffreycontreras@example.com,3629089688918
681,Julia Hicks,paul57@example.org,0419675221662
682,James Robinson,ricejames@example.com,8914897737302
683,Kathryn Cobb,jonesjames@example.org,6053707447128
684,Allen Holden,joshua59@example.org,3996270498650
685,Dr. Kimberly Hill,courtney18@example.net,7185396112866
686,Kenneth Dominguez,deckerbrian@example.org,8581825342025
687,Keith Bailey,williambaker@example.net,3866195911228
688,James Clark,gilbertlinda@example.org,6993688110369
689,Brian Huang,carrie59@example.org,8884382294902
690,Brittney Vega,jessica63@example.net,4136138222843
691,Andrew Howard,jenniferreyes@example.com,4272413074459
692,George Smith,jdixon@example.net,3846140927952
693,William Jones,xfowler@example.org,3999527946158
694,Krista Rojas,hullkaren@example.net,7016200932213
695,Steven Phillips,zyang@example.com,5821730547071
696,Karen Reyes,ryanjensen@example.org,6368667250228
697,Wendy Howard,youngmonica@example.net,2294208919395
698,Danny Maynard,caitlyn91@example.net,5187983174968
699,Lauren Russell,nfisher@example.net,5735456029270
700,Logan Mitchell,rogerstimothy@example.org,2187976798895
701,Stephanie Thompson,heather77@example.com,8439097795404
702,Alyssa Palmer,hayden23@example.org,7905089746792
703,Jamie Turner,stevenkim@example.org,5290130424741
704,James Cook,jeffreypham@example.net,4827923221395
705,Heather Raymond,gravesstephanie@example.net,6390028025386
706,Peter Gutierrez,oburton@example.net,3335824900661
707,Dawn Porter,adam36@example.org,0642304682292
708,Jerry Brown,zwagner@example.com,0775268113180
709,Valerie Anderson,aguilarrichard@example.com,8206863074115
710,Christina Blake,bryantjerry@example.org,1012101973977
711,James Schwartz,daltonmichael@example.com,4980243341962
712,Jacqueline Gilmore,madison14@example.org,6694806545808
713,Robert Hill,brownjames@example.org,7177583482050
714,Bryan Owen,kimberlyobrien@example.net,3319824040446
715,Alisha White,mendozadavid@example.com,0248469846150
716,Paula Buck,kevin16@example.org,4968437761345
717,Garrett Rogers,morgansanchez@example.com,1298881173339
718,Glenn Henry,amyjames@example.org,5663520095319
719,Erin Green,melissa33@example.net,3627622388491
720,Donna Jackson,morrisrenee@example.net,2323050196171
721,Lisa Romero,carriephillips@example.com,3278675343097
722,Jeffrey Smith,amycarpenter@example.org,3559350871469
723,Michelle Allen,judithhall@example.com,8285726781490
724,Howard Cunningham,matthew37@example.com,1900713482104
725,Brandy Pope,rgould@example.org,2546835035601
726,Terry Reynolds,garciasabrina@example.org,0279079850963
727,George Mccullough,hlevine@example.com,4156753185010
728,David Nguyen,mnunez@example.net,1431308223130
729,Samuel Frederick,joseph65@example.com,9015860614957
730,Heather Murray,hrobinson@example.net,6504764698875
731,Eddie Valenzuela,nancysmall@example.net,6784287216178
732,Sheri Costa,ericascott@example.net,4596623442471
733,Brittany Hayes,pryan@example.org,4064132002956
734,Michael Gibson,amanda34@example.org,2367981299467
735,Sheila Mitchell,lauren78@example.com,3520680473366
736,Jeffrey Morgan,smithcharlene@example.com,2591525432403
737,Kathleen Collins,brian41@example.com,4578654294137
738,Mark Miller,elizabeth08@example.com,2474401412709
739,Mary Wall,rioschristina@example.com,4278177216958
740,Thomas Lewis,fsmith@example.com,7645095803835
741,David Holmes,mhancock@example.org,6274839641531
742,Jennifer Foster,michellethompson@example.org,6590629740606
743,Debra Carter,brandi72@example.net,1166135375202
744,Dave Combs,kevinadams@example.org,8916354517391
745,Sarah Rush,jennifer41@example.net,9404873010662
746,Traci Oconnor,terri41@example.org,4415999827325
747,Jessica Miller,bwells@example.org,7514289668380
748,Jeffery Berry,pestrada@example.com,1448637427635
749,Marc Brown,xadams@example.org,1640635606677
750,Claudia Wang,aingram@example.net,1037834742525
751,Erika Estrada,michaelsanchez@example.com,0800529776027
752,Charles Cooper,dlynch@example.com,5072421324944
753,Nancy Williams,burkedonald@example.com,3290634829174
754,Mark Miller,xtucker@example.org,1817047351723
755,Jenny Lopez,ruben26@example.net,8921611085559
756,Jeremy Allen,iharris@example.org,2196425808749
757,Lauren Strickland,pricebenjamin@example.org,7938276168117
758,Amanda Vasquez,allenerica@example.net,0620788966160
759,Robert Smith,mbrewer@example.com,4623699955733
760,Hannah Davis,alyssa88@example.org,3016419831429
761,Joy Garrett,oturner@example.net,1660185023722
762,Maria Spence,pirwin@example.org,3538727500665
763,Samantha Mercado,carlarnold@example.net,8676369555300
764,Jennifer Wiley,robertcurtis@example.com,0077187775110
765,Anne Schultz,robertsmonica@example.net,6494085753892
766,Erin Miller,sarah77@example.net,2607029341063
767,Julian Thomas,bperkins@example.com,3516434472564
768,Tracy Tapia,kristinyang@example.org,0692342876711
769,Maria Jones,pattoncatherine@example.com,8564935911712
770,Tonya Salinas,jessicaanderson@example.com,2124785686114
771,Patrick Washington,angela84@example.com,1719385101922
772,Pamela Horton,melissathomas@example.org,4182586146941
773,Donald Beltran,briana77@example.net,1308556522734
774,Bonnie Mendoza,mjones@example.org,8672703207998
775,Selena Randall,cheryl35@example.org,8487160138741
776,Michael Rodriguez,ahernandez@example.com,2173035070861
777,Melissa Hamilton,russell95@example.org,1655114876948
778,Mary Carter,stonekrista@example.com,4053364780256
779,Alyssa Thompson,shirley74@example.com,3457963285385
780,Ashley Rogers,ojohnson@example.net,2810314029331
781,Darius Coleman,soliskevin@example.net,6301529954882
782,William Ford,jennifermonroe@example.net,8883134350122
783,Stephen Smith,sherry39@example.net,4135305057582
784,Steven Todd,josephwood@example.org,0065523587985
785,Joseph Reynolds,arowe@example.com,9904525597848
786,Shawn Baker,qlewis@example.com,3657076827499
787,Amanda Henderson,daltonalan@example.com,5238468422108
788,Sarah Romero,kmorales@example.com,1752253050961
789,Carla Wood,richardstracey@example.com,4842037531030
790,Teresa Alvarez,hendersonalan@example.net,1426200241517
791,Lauren Gilmore,pattersonrobert@example.com,3479763343692
792,Brittany Alvarez,marshalljody@example.com,4518101124445
793,Randall Daniels,valerierowland@example.net,4455595204853
794,Michael Green,llane@example.com,6602236377484
795,Shannon Rivera,christopherhoward@example.org,1561717628569
796,Janet Spence,johnnygonzalez@example.org,1181025403592
797,Catherine Rogers,twoods@example.net,2315116720100
798,Anna Lin,gbutler@example.org,5935827488975
799,Tiffany Reynolds,qmeadows@example.com,0170573816290
800,Jeremy Morgan,shawn09@example.com,5149311931469
801,Rhonda Alexander,wendy05@example.net,8240534306200
802,Craig Kim,lauravazquez@example.org,8791843468768
803,Loretta Brooks,kmcintyre@example.com,7630720079516
804,Adriana Webster,williamsveronica@example.org,0836925180124
805,Lynn Allen,marissa64@example.net,8365131084976
806,Regina Shaw,carl76@example.net,9212081279090
807,Natalie Woods,fernando59@example.net,4049162313128
808,Elizabeth Golden,fmcmillan@example.org,0360919621709
809,James Martin,tanya23@example.net,0117941251376
810,Cindy Rogers,bryan00@example.net,5625176544880
811,Lisa Cortez,dennishenry@example.org,5720395892149
812,Douglas Frederick,reedamber@example.com,2414033299331
813,Angela Conner,janetbecker@example.org,7262150917493
814,Peter Wood,lpeterson@example.net,5631365688672
815,Lisa Bennett,lesliegallegos@example.com,6140542435242
816,Rachel Johnson,flemingclinton@example.org,7294775886784
817,Lisa Russo,williamrobinson@example.com,4227492153338
818,Stefanie Chavez,anthony78@example.com,1880574889299
819,Ryan Williams,dunderwood@example.org,2154625919798
820,Alejandro Jackson,harrisonalexis@example.com,7965191895505
821,John Graves,roberthenderson@example.org,1727888923631
822,Christina Johnson,moralesdonna@example.net,2356869167802
823,Sandra Rollins,chris89@example.com,2719940637350
824,Melissa Garcia,crystalmartin@example.com,6249267153610
825,Brittany Parker,tyrone69@example.net,5266755136268
826,Karen Tran,heathrobert@example.com,2583550278727
827,Christopher Rowe,shelby10@example.org,9483394840317
828,Kenneth Jenkins MD,garymiller@example.com,6854563467152
829,Derrick Martinez,martinezchristopher@example.com,9436667369238
830,Robert Anderson,cjordan@example.org,0997412613618
831,Carla Davis,cjensen@example.org,5144362255853
832,Susan Jones,sharon93@example.net,7788172973346
833,Laurie Anderson,jhoffman@example.org,5259934499508
834,Yolanda Macdonald,yphillips@example.net,3261803264035
835,Lisa Green,carterbrandon@example.com,6789654249796
836,Janet Burke,samantha54@example.net,3211526876898
837,Gina Garcia,darren91@example.org,1661101868960
838,Natasha Meadows,samuel72@example.com,0164761677784
839,Maria Smith,beltranwayne@example.org,3391462312613
840,Megan Payne,freemanvanessa@example.org,2767165354005
841,Michael Brooks,rochamalik@example.org,5798028158914
842,James Schneider,ian11@example.com,6320734955891
843,Kristin George,clarkekaren@example.net,0606870076276
844,Christopher Benson,blester@example.org,9279438371011
845,James Henry,lindsey01@example.net,3377821106564
846,Ashley Hall,nathan55@example.com,4893546527163
847,Stacy Dixon MD,mendezlisa@example.com,6820849394849
848,Michelle Hernandez,arivera@example.org,4550243997815
849,Katherine Fisher,debbie63@example.com,1210451442772
850,Kristin Scott,cannonbrittany@example.net,9921476558016
851,Kevin Avila,brendanlopez@example.org,2835841036970
852,Daniel Lopez,ramirezdarius@example.com,8383820686342
853,Jessica Adams,uwilliams@example.net,0773719588957
854,Courtney Cobb,vlowe@example.net,2799383536153
855,Lisa Lam,bsuarez@example.org,5994148339321
856,Mrs. Kristina Mitchell,bradfordnicole@example.net,6171127896121
857,David Baxter,taylorkramer@example.net,0255093677381
858,Amanda Neal,tiffanymontoya@example.org,5897408883007
859,Steven Anthony,jeremy84@example.com,3021866639975
860,Carrie Ortega,qhoffman@example.net,6106893395897
861,Kelly Jackson,arthurcarrillo@example.com,0792977617404
862,Elizabeth Daniel,rfigueroa@example.org,4583123396572
863,Margaret Stephens,banksrobert@example.org,6485699174942
864,Jeremy Nelson,brookedavis@example.org,5475542235340
865,Maria Mendez,derekhull@example.org,9553409789476
866,Natalie Shepherd,yhayes@example.net,4244031282051
867,Kevin Glenn,singhlaura@example.org,4910174209787
868,Daisy Rodriguez,joshuamathews@example.net,6498677910878
869,Larry Contreras,obryant@example.com,0799668100392
870,Charlene Huynh MD,hartscott@example.org,7722000884016
871,Joseph Torres,leemichael@example.org,0157298664641
872,Mathew Gonzalez,haleysmith@example.org,5802589234220
873,Alexis Murphy,ygonzalez@example.org,0286317834535
874,Tracy Williams,james98@example.org,7292334776153
875,Danny Torres,greese@example.com,3949996567763
876,Briana Johnson,jenniferfowler@example.net,5914870196503
877,Brooke Zuniga,jonathan08@example.com,6215841712576
878,Alexander Mullen,gillandrew@example.com,6658814436918
879,Nicholas Schroeder,ysalinas@example.net,9161542814733
880,Traci Acevedo,austinrice@example.org,2896137735579
881,Kenneth Mills,figueroatimothy@example.org,7124488884305
882,Kelly Hicks,ryan42@example.com,7677840629780
883,Michael Barnes,matthew06@example.com,4812272019095
884,Anne Newman,sanchezgina@example.net,7126100894448
885,Timothy Davis,gbishop@example.org,9104233235936
886,Christina Haynes,whiteheaddustin@example.org,0464938494717
887,Jessica Huang,richmichael@example.net,2908181614824
888,Tammy Ortega,marisa13@example.net,1281229526788
889,Gary Howell,isantiago@example.org,2706403224065
890,Kathryn Holland,ryan11@example.net,4123605046277
891,Andrea Patel,amandacooper@example.com,3826150992172
892,Richard Lindsey,joseph87@example.org,7395710657348
893,Ronnie Herrera,sean65@example.net,5147989096835
894,Kristin Jennings,acastro@example.com,7062016748175
895,Brian Murphy,scottjones@example.net,2594960690896
896,Jennifer Moreno,cmartin@example.com,7815617376708
897,Amy Brown,esmith@example.org,5618241935824
898,Melissa Jimenez,brenda59@example.com,1106557176922
899,Jeremy Campbell,icunningham@example.com,1071216799188
900,Kerri Whitney,joshua12@example.net,8058016379224
901,Jacqueline Ryan,mcbrideangela@example.com,7715974605061
902,Cynthia Johnston,teresahaynes@example.org,6630488604885
903,Lisa Porter,alvarezjames@example.net,7438780540973
904,Victoria Moore DDS,robinsonbrian@example.com,3250095002598
905,Dale Moore,claire50@example.net,6520244506362
906,Angela Aguilar,michelle02@example.com,9217818496521
907,Jason Schmidt,adamchristensen@example.org,3204643309075
908,Ricky Turner,roberthill@example.com,0685586048579
909,Shaun Miller,jacquelinemckenzie@example.org,2793834264843
910,Richard Richardson,jennifergutierrez@example.org,7402359798872
911,Robert Christensen,christineharris@example.net,2256037458888
912,Keith Hernandez,ureed@example.org,4725328583256
913,Dustin Jones,howardbrittany@example.org,2181824173570
914,Harold Hoffman,victoriacooper@example.com,1176151648490
915,Ernest Daniels,anna03@example.net,8434167710493
916,Megan Young,davidvance@example.com,2304143757146
917,Jacob Warren,palmerjanet@example.net,4566628956748
918,Sarah Roberts,jwilliams@example.net,6520359006399
919,Jennifer Bartlett,eric70@example.com,9402609020946
920,Rebecca Curry,kristy96@example.com,9045575159075
921,Edward Chandler,brownamanda@example.net,0379665766260
922,Wyatt Burnett,rgarcia@example.org,3713092204969
923,Christopher Sanchez,erica67@example.com,7426884272741
924,Dawn Woodard DDS,chelseagreen@example.net,9708469962795
925,Toni Wallace,emily46@example.com,7017048203555
926,Tamara Peterson,pmontes@example.org,5385316700184
927,Katelyn Gonzalez,laneronnie@example.org,8677554332114
928,Debra Boyd,aaron33@example.net,6721695989668
929,Christina Russell,smithtina@example.net,6743109758207
930,Brandon Williams,edavis@example.com,9010926654923
931,Charles Dominguez,yhernandez@example.com,1336583084895
932,Anne Tucker MD,matthew92@example.com,9564347838871
933,Ruben Cochran,stanleywilson@example.org,0603061588805
934,Angela Taylor,langjames@example.org,0529163943075
935,Virginia Lopez,martinezashley@example.net,0391389213771
936,Charles Reid,eric97@example.org,6312346034499
937,Cynthia Woods,joseph23@example.com,8620237105172
938,Christina Wilson,patrickgonzales@example.com,1260543404171
939,Brian Vasquez,hbutler@example.com,1350066137453
940,Kenneth Jones,nicholas47@example.net,1551809697126
941,James Wolfe,lisaadams@example.org,3122292663966
942,Mackenzie Horton,beckywhite@example.net,5845749596854
943,Mark Ferguson,james00@example.org,5922118668545
944,William Powers,kellertaylor@example.com,3923103324201
945,Robert Williams,mayjoshua@example.net,2238537538736
946,Monica Hill,qdonaldson@example.org,2889760952619
947,Kenneth Donaldson,darrell79@example.net,3380966686584
948,Tina Cardenas,laurabush@example.org,0907548797365
949,Ann Washington,nicholasbruce@example.net,0032522766466
950,James Franklin,aprilbrown@example.com,0325130147886
951,Dr. Richard Gonzalez,gillannette@example.com,4713611785048
952,Amy Chen,williamsshannon@example.com,7359769947792
953,Hector Aguilar,mmccormick@example.com,0729614862517
954,John Watson,halljulie@example.com,7863542188153
955,Jeffrey Gonzalez,philip24@example.com,0328784265456
956,Timothy Clements,melissa16@example.com,7202390601623
957,Holly Bennett,proberson@example.net,1947023425602
958,Ryan Rivera,paige19@example.net,9053807235386
959,Jacob Howard,iriley@example.org,6488658087726
960,Cynthia Porter,pamelameyer@example.org,4188880631929
961,Matthew Ward,carlsoncraig@example.net,8079698547838
962,Paul Hudson,dylan60@example.net,1065901600358
963,Linda Branch,susandaniels@example.org,0374098708936
964,James Kirby,ohenry@example.net,5176753175971
965,Jessica Brown,normanphillips@example.net,6754992777998
966,Katherine Davis,joelmack@example.com,2661634708010
967,Bonnie Hill,ymartinez@example.com,5031214761177
968,Michael Romero,michelle05@example.org,1530757392317
969,Roger Peck,moonjennifer@example.org,1328130329799
970,Brenda Holloway,qhart@example.com,6026184954563
971,Nicole Williams,nicolejones@example.net,3216640848545
972,Abigail Moore,dawsoneric@example.com,6423451356505
973,Alejandro Buck,longthomas@example.org,9705028393471
974,Dr. Scott Tate,ygonzalez@example.net,8865297053231
975,Shelby Chan,christopher57@example.org,7997526281559
976,John Montes,chad54@example.net,0246006145707
977,William Bell,gregory22@example.com,0108430459093
978,David Li,gibsonlauren@example.net,8913022026992
979,Mary Casey,charlesmedina@example.com,5400623026757
980,Michael Rodriguez,geoffrey33@example.net,0488003412794
981,Donna Grant,tylerhaas@example.com,1555655600305
982,Justin Garrison,tyler03@example.net,4544342618609
983,Pamela Smith MD,trodriguez@example.com,4272103172522
984,Cory Miller,ldrake@example.org,7869658112904
985,Bradley Richardson,normanjohn@example.net,3195006533374
986,Seth Ward,tarajimenez@example.org,9835864309101
987,Sharon Clements,jason23@example.com,3731595521251
988,Kristin Jones,edwardsbarbara@example.net,6244935898090
989,Robert Welch,floresjoshua@example.org,4133585052372
990,Madeline Mccullough,bryantrebecca@example.net,7775499759899
991,Jeffrey Ramos,vwilliams@example.com,5616610147935
992,Grace Walter,raydaniel@example.org,3760996993152
993,Joseph Walls,loweamanda@example.org,6436060325534
994,Aaron Parrish,dclark@example.com,6537432779782
995,Mark Rasmussen,christinasimpson@example.org,5424273210518
996,Mitchell Cunningham,thomas59@example.com,9431858903473
997,Denise Mcknight,theresa67@example.net,4629091878871
998,Jason Jennings,jacob60@example.org,2403130653712
999,Rebecca Williams,candice55@example.net,2500088427750
