id,name,price,description
1,MediumTurquoise,55.6,response piece eight
2,Ivory,33.3,once movie bag
3,OldLace,15.1,whatever own employee
4,PapayaWhip,19.0,nothing information off
5,DarkViolet,39.1,carry I tell
6,MidnightBlue,99.2,mother since bit
7,DarkTurquoise,35.0,not against pass
8,Olive,88.6,hold stuff almost
9,Fuchsia,27.3,head summer significant
10,LightCoral,83.8,policy attention event
11,MistyRose,31.2,two travel see
12,DarkOliveGreen,80.1,east piece gun
13,SlateGray,44.6,board at also
14,SteelBlue,68.7,race because role
15,IndianRed,7.5,tough analysis perform
16,LightCyan,73.9,onto stand certain
17,Khaki,54.0,push type magazine
18,Yellow,63.2,history quite remain
19,SeaShell,56.0,item popular piece
20,DodgerBlue,27.6,oil property sister
21,DarkRed,68.8,ten population tough
22,BlueViolet,97.5,per let speech
23,DarkSalmon,30.7,only sell professor
24,BlueViolet,97.9,they risk lawyer
25,LightGray,56.1,act couple medical
26,LawnGreen,61.2,maintain explain sometimes
27,LightPink,26.6,wide instead political
28,DarkSeaGreen,35.0,develop space much
29,Gold,90.9,guy each by
30,DarkSalmon,77.9,wind bed institution
31,Khaki,21.3,marriage know personal
32,OrangeRed,41.3,pattern four couple
33,LimeGreen,74.7,seat nice suggest
34,LightGoldenRodYellow,87.9,vote ability office
35,HoneyDew,77.6,especially chair throw
36,DarkGray,15.6,future sort television
37,DarkMagenta,88.1,common effect sound
38,LightYellow,89.7,offer three control
39,Purple,70.1,control issue whether
40,LightGray,81.8,free bill house
41,LightGoldenRodYellow,26.2,me begin should
42,Tan,89.8,list project almost
43,Salmon,62.3,probably sister education
44,Linen,19.7,risk inside nation
45,Lavender,46.5,dream be by
46,SlateBlue,98.8,organization and people
47,AntiqueWhite,71.0,purpose good real
48,BurlyWood,37.2,could score middle
49,DodgerBlue,19.4,what fear summer
50,HotPink,97.1,research expect type
51,BlueViolet,9.5,partner value pick
52,MintCream,57.0,serious long court
53,DeepPink,34.8,learn career enter
54,DarkOrchid,39.2,none voice happy
55,DeepSkyBlue,15.3,believe lot bill
56,Azure,30.4,whom simply owner
57,Peru,3.3,per number most
58,LemonChiffon,8.6,good especially heart
59,DarkSlateGray,16.9,main drug work
60,DeepPink,3.1,fact history coach
61,MediumSlateBlue,22.0,bar modern official
62,SeaGreen,62.4,answer it strategy
63,Yellow,96.9,nature live when
64,Orange,16.0,despite list crime
65,DarkGoldenRod,87.9,material marriage increase
66,PapayaWhip,47.1,authority maintain moment
67,Red,53.9,order of without
68,Linen,98.4,open our agree
69,DeepSkyBlue,21.1,though decision debate
70,IndianRed,19.8,offer price blood
71,Teal,64.4,reflect third continue
72,MediumSpringGreen,65.8,fast over realize
73,LightSteelBlue,65.7,lead government resource
74,ForestGreen,69.0,think show another
75,CadetBlue,98.0,generation now ability
76,Magenta,78.6,thing several look
77,Indigo,3.6,agent lose lay
78,Magenta,13.0,foreign visit drug
79,RoyalBlue,11.7,much author machine
80,YellowGreen,82.1,Republican commercial professional
81,DarkGreen,65.5,quickly same not
82,LightYellow,89.1,several happy than
83,PowderBlue,23.4,produce energy although
84,PaleVioletRed,16.4,operation choice agent
85,DarkSlateGray,75.9,economy recognize season
86,LightSteelBlue,45.1,ready rule physical
87,Purple,58.1,once behind career
88,PapayaWhip,89.6,education admit southern
89,MediumSeaGreen,78.2,who however across
90,Tomato,83.4,accept size north
91,Navy,6.9,seem leave worker
92,GhostWhite,1.6,we ground available
93,DarkMagenta,87.0,candidate since Mr
94,OldLace,14.3,line half fill
95,GhostWhite,37.3,quality condition only
96,OliveDrab,52.5,person space investment
97,Peru,85.0,knowledge mention rise
98,DarkCyan,45.1,building employee high
99,DarkTurquoise,86.7,case every create
100,HotPink,79.1,because since person
101,DarkSlateGray,76.9,interview say whom
102,PeachPuff,66.7,with street what
103,DarkSeaGreen,83.1,above kind view
104,LightCoral,91.4,consumer raise western
105,DarkSlateGray,54.7,half deep community
106,CadetBlue,61.2,fast law nature
107,Sienna,58.4,determine month man
108,Green,46.0,political letter ball
109,RosyBrown,35.4,week mother level
110,Green,75.4,source none natural
111,Aqua,30.9,run consumer detail
112,Gray,15.2,long treatment yourself
113,Blue,81.8,push loss over
114,DarkGoldenRod,36.2,include enough world
115,SeaGreen,53.9,people really here
116,MediumVioletRed,71.0,present reveal drive
117,LightCyan,36.2,campaign face state
118,DeepPink,82.1,ago matter series
119,GhostWhite,40.2,cell agency understand
120,DodgerBlue,73.1,product boy meet
121,Tomato,36.0,personal person consumer
122,MediumAquaMarine,67.8,would shoulder word
123,Gainsboro,41.2,care study market
124,GhostWhite,6.1,create image must
125,RosyBrown,76.0,own involve same
126,Bisque,38.7,suggest low ever
127,MediumTurquoise,93.7,free music career
128,SeaGreen,74.0,western worker teacher
129,Bisque,68.4,great anything participant
130,MediumBlue,80.4,behavior thousand kind
131,DarkGoldenRod,82.4,indeed food together
132,LightBlue,88.5,determine safe close
133,Ivory,14.4,fill beautiful simply
134,Lime,95.8,relationship draw kind
135,Fuchsia,35.3,generation four whether
136,Snow,44.2,leave film during
137,MediumVioletRed,63.6,future painting really
138,Lime,81.8,else cover may
139,MediumSpringGreen,25.5,close impact become
140,Red,74.7,crime pretty other
141,Gainsboro,39.3,bank sit physical
142,NavajoWhite,1.5,themselves city agency
143,BlanchedAlmond,31.8,interesting far food
144,DarkOliveGreen,65.9,thank level and
145,DarkSeaGreen,44.3,well performance quickly
146,PaleVioletRed,93.6,do door reality
147,Lavender,78.4,feeling case those
148,SeaGreen,39.7,nation trial compare
149,Maroon,66.1,something happen reveal
150,DeepPink,38.0,north fall market
151,LightPink,83.2,question clear southern
152,PaleTurquoise,4.4,later item factor
153,DarkRed,55.0,brother begin small
154,Ivory,26.7,bed suggest them
155,NavajoWhite,66.3,official his manager
156,Purple,82.2,ground run speech
157,Orchid,83.5,policy resource center
158,SandyBrown,45.3,human debate office
159,SeaShell,95.7,number station challenge
160,LimeGreen,32.4,onto involve money
161,MediumTurquoise,28.3,different he real
162,DarkSeaGreen,74.7,so daughter onto
163,FloralWhite,88.4,final civil everyone
164,DarkViolet,46.4,available focus arm
165,Purple,9.6,senior add worry
166,BlanchedAlmond,7.1,outside father shoulder
167,BlueViolet,25.1,plan prepare air
168,Bisque,2.5,skin arrive move
169,SaddleBrown,16.4,spring form quite
170,LightSteelBlue,59.8,wonder administration budget
171,LightPink,56.0,address finally magazine
172,DarkSlateBlue,38.0,speak religious real
173,DeepPink,26.0,write sit table
174,Lime,78.8,senior crime reflect
175,Silver,70.5,parent why approach
176,SlateBlue,21.7,half position employee
177,OliveDrab,6.7,serious thus do
178,PaleVioletRed,5.1,provide natural exist
179,Bisque,64.5,picture century happen
180,Khaki,23.8,type president sport
181,DarkCyan,19.7,meet accept enter
182,Lime,30.5,well five when
183,Gainsboro,79.9,behavior purpose light
184,DarkViolet,31.8,time every large
185,LightSkyBlue,80.8,each modern democratic
186,GoldenRod,30.4,more recently as
187,Olive,40.2,through into walk
188,Thistle,60.2,similar hundred assume
189,LightSeaGreen,33.1,instead character answer
190,Orange,38.7,figure way agreement
191,DarkRed,53.5,wonder direction ago
192,FloralWhite,61.0,lot forward pull
193,DarkTurquoise,96.6,race board wife
194,Indigo,45.1,that first TV
195,PaleTurquoise,68.8,mouth population old
196,SkyBlue,87.9,power talk student
197,Chocolate,60.5,last sense year
198,Sienna,3.5,save most against
199,MediumVioletRed,75.4,magazine hope write
200,DarkSalmon,64.1,green return available
201,DarkMagenta,66.5,long executive itself
202,LightGray,64.9,attack tonight next
203,GreenYellow,36.0,detail now need
204,LightGoldenRodYellow,11.9,huge education crime
205,MediumTurquoise,99.4,president especially guy
206,Chocolate,62.4,news second eight
207,DarkViolet,77.8,school minute manage
208,LightBlue,35.3,daughter enough character
209,LightSlateGray,1.9,fly allow special
210,Navy,26.5,seat their moment
211,Blue,39.5,require apply even
212,RosyBrown,5.6,moment team focus
213,HoneyDew,82.5,which choose experience
214,PowderBlue,96.6,effort condition attack
215,Aquamarine,63.9,society very heavy
216,PeachPuff,73.6,concern industry not
217,DarkGreen,91.6,many final low
218,DeepSkyBlue,81.5,source network finally
219,RosyBrown,11.1,family late seat
220,LightCoral,49.5,current possible information
221,Tomato,28.4,claim believe voice
222,Tan,80.9,continue theory read
223,Tan,43.9,store car design
224,Sienna,45.7,challenge drug reach
225,LightSkyBlue,24.7,share whole majority
226,DarkKhaki,22.4,before pull score
227,MediumTurquoise,36.3,vote of specific
228,OliveDrab,77.5,rest drive special
229,MediumVioletRed,6.1,agree radio current
230,OrangeRed,78.4,happen buy own
231,GreenYellow,8.6,identify into age
232,Crimson,84.6,level hour traditional
233,LightYellow,99.6,off production former
234,LightGreen,71.0,store mouth age
235,MediumSlateBlue,30.4,market baby would
236,LightGoldenRodYellow,55.3,serve write source
237,Chartreuse,16.3,manage under section
238,Gainsboro,22.1,see professional hotel
239,Navy,41.5,life center budget
240,DarkSlateGray,78.7,north voice serious
241,Teal,95.0,board high sport
242,SpringGreen,83.5,business good bring
243,Ivory,47.8,plant I national
244,LawnGreen,58.1,money believe it
245,DodgerBlue,82.8,course speech suddenly
246,DimGray,59.2,task money serious
247,CornflowerBlue,25.2,arrive wall lose
248,MistyRose,69.6,represent mother standard
249,DarkSeaGreen,69.0,professor item stand
250,Bisque,10.6,certain politics reduce
251,PaleGreen,46.0,including clearly population
252,DeepSkyBlue,74.6,create per indeed
253,Gainsboro,9.2,summer skill accept
254,LightBlue,81.8,thousand plan design
255,Cyan,5.8,because own other
256,LightPink,85.5,mean dinner same
257,Beige,83.5,economic adult gas
258,LightGreen,30.6,establish care young
259,Gold,90.3,compare ten read
260,SandyBrown,36.8,whether history idea
261,Thistle,95.3,vote nature front
262,Cyan,95.8,play value between
263,LightSlateGray,7.3,day network better
264,MidnightBlue,61.4,majority give hour
265,Peru,49.5,across cold eight
266,NavajoWhite,97.5,will feel throughout
267,Snow,14.2,wonder service notice
268,PeachPuff,97.3,present western girl
269,LightBlue,21.9,evidence fight stage
270,Sienna,91.2,go ok month
271,DarkCyan,99.4,source during raise
272,RoyalBlue,50.9,arrive mind section
273,SaddleBrown,17.5,way source special
274,MintCream,71.5,remain necessary for
275,MistyRose,27.8,tonight interview idea
276,Lime,31.5,attention ok Republican
277,LightCyan,45.8,floor treatment maintain
278,LightBlue,75.9,certainly standard color
279,BlanchedAlmond,74.6,difficult today believe
280,Chocolate,26.1,fly even enjoy
281,PaleVioletRed,38.9,reason town environmental
282,LightSlateGray,80.6,increase raise young
283,LavenderBlush,76.0,Mrs effect shoulder
284,SlateBlue,27.4,kitchen if reveal
285,AntiqueWhite,61.0,finish region social
286,Red,99.3,prevent ago small
287,MistyRose,69.5,be like be
288,MediumSpringGreen,40.9,factor air class
289,SlateBlue,22.0,president weight budget
290,SlateGray,78.9,detail security matter
291,Blue,87.5,say matter international
292,Black,48.7,member artist this
293,DeepSkyBlue,60.1,bit action imagine
294,Magenta,9.2,billion the major
295,Tan,79.7,form worker per
296,DimGray,23.6,difficult week citizen
297,MediumSeaGreen,74.9,follow black seat
298,Beige,68.9,technology quickly have
299,GreenYellow,7.1,clearly oil interest
300,Yellow,87.6,take support risk
301,Maroon,69.6,enter season up
302,SkyBlue,21.2,seven forward page
303,MediumSlateBlue,57.8,expert test partner
304,Brown,5.3,little instead get
305,Turquoise,46.1,trip past people
306,SaddleBrown,32.4,born company rock
307,Gainsboro,91.8,act over participant
308,AliceBlue,80.2,different nothing fall
309,DodgerBlue,67.4,may method letter
310,OrangeRed,44.4,must big culture
311,MintCream,75.3,difference hit citizen
312,LightCoral,94.3,everybody above here
313,LightSkyBlue,39.8,feeling street political
314,Fuchsia,69.6,resource machine moment
315,Wheat,89.5,media eat exactly
316,Teal,63.0,condition protect three
317,SandyBrown,90.5,store card prepare
318,RoyalBlue,25.6,hope night Mrs
319,LemonChiffon,38.6,tough particularly police
320,Teal,92.7,chance us wife
321,Yellow,75.2,time certainly spring
322,FloralWhite,56.5,answer at itself
323,ForestGreen,66.3,recent west bank
324,Chartreuse,71.4,product without sense
325,Pink,29.1,news research series
326,LemonChiffon,26.7,together data only
327,DarkBlue,42.2,PM them field
328,LightYellow,21.6,offer my billion
329,SlateBlue,71.0,offer sort bring
330,HotPink,63.3,security your certain
331,OldLace,33.3,recognize face reduce
332,MediumSeaGreen,14.2,somebody couple every
333,DimGray,84.0,meet according probably
334,Plum,47.9,management statement he
335,DarkBlue,11.6,customer look close
336,PowderBlue,21.5,worker light sell
337,Snow,62.7,oil whom professional
338,Cornsilk,32.9,event his she
339,LightBlue,77.8,also effect trade
340,PeachPuff,91.4,brother whatever stop
341,Pink,94.4,window hot defense
342,PapayaWhip,71.3,work difference here
343,Linen,82.5,eye adult ability
344,GhostWhite,83.8,author ever look
345,CadetBlue,5.5,stuff three kitchen
346,AliceBlue,70.9,form hand very
347,WhiteSmoke,70.5,fill about choice
348,DarkGreen,3.1,cost kind think
349,Linen,60.5,difficult media see
350,NavajoWhite,59.2,this tend environment
351,MediumTurquoise,16.8,daughter each no
352,DarkGoldenRod,58.5,lot task course
353,RoyalBlue,63.4,prepare economy give
354,LightCyan,42.3,reality memory bag
355,OldLace,76.9,relate house north
356,Azure,54.5,outside term life
357,LightBlue,20.5,enjoy throw individual
358,Tomato,72.1,trip enjoy real
359,YellowGreen,35.8,theory hold operation
360,GreenYellow,2.1,experience idea ground
361,Gray,76.0,own attorney meeting
362,DarkRed,43.4,sing professional argue
363,OrangeRed,57.8,eight small sell
364,Lime,17.4,up sense appear
365,RoyalBlue,21.7,pick expert commercial
366,DarkOliveGreen,30.7,boy maybe structure
367,DimGray,58.4,early send majority
368,DarkOrange,25.2,technology their ok
369,DeepPink,69.5,rich write option
370,MistyRose,21.9,despite position animal
371,Navy,58.9,can three mention
372,WhiteSmoke,44.6,model produce future
373,Green,13.2,drug put save
374,PapayaWhip,42.5,suffer tend court
375,IndianRed,53.0,financial walk whatever
376,LightSlateGray,10.2,relate within race
377,LightYellow,4.9,tell know mouth
378,SpringGreen,47.1,customer culture recognize
379,Yellow,56.1,finish situation themselves
380,BlueViolet,79.5,line share movement
381,Green,20.5,society seven true
382,RoyalBlue,23.2,senior any arrive
383,FireBrick,83.0,coach way hundred
384,Cyan,34.0,you most step
385,MediumBlue,90.8,today son easy
386,Maroon,80.9,sport civil upon
387,Lavender,40.8,far add eat
388,MediumVioletRed,6.9,arrive those north
389,BurlyWood,36.5,surface long second
390,HotPink,80.0,performance campaign page
391,GhostWhite,1.2,now human ever
392,MediumPurple,26.8,yourself worker begin
393,LightCoral,65.8,enjoy until phone
394,OldLace,64.3,drive customer moment
395,Thistle,94.9,build there ability
396,DarkViolet,82.1,world according street
397,DarkViolet,89.0,eight product she
398,DarkMagenta,99.8,sea stand realize
399,Pink,38.5,oil worry myself
400,DarkCyan,52.3,smile wonder service
401,DarkOrchid,83.2,rate natural whom
402,Sienna,58.1,woman director save
403,LightGray,69.1,character health program
404,DarkCyan,53.2,officer ago central
405,AliceBlue,51.3,return authority pass
406,HotPink,32.7,debate anything modern
407,MediumVioletRed,9.1,send tell woman
408,Coral,39.1,economic hope leg
409,MediumSpringGreen,22.2,accept message interesting
410,Brown,88.5,scene opportunity forward
411,Black,65.9,debate occur industry
412,LawnGreen,95.3,together future whole
413,Gold,78.6,should none wall
414,LightGreen,10.3,lay ability hot
415,Olive,82.9,leader trial walk
416,Navy,61.1,suddenly cell week
417,Tomato,33.0,for product significant
418,PaleTurquoise,43.4,care conference relationship
419,Silver,81.4,seat generation more
420,DarkSalmon,6.7,left society hear
421,DarkKhaki,73.8,reach apply throughout
422,PapayaWhip,67.7,kitchen entire own
423,Peru,39.0,available notice camera
424,Turquoise,57.5,great just look
425,Bisque,4.2,arm big show
426,Brown,25.8,maintain federal time
427,SaddleBrown,4.8,much send financial
428,Khaki,16.2,although left quite
429,LightCoral,17.7,big other per
430,DarkTurquoise,49.2,return drop computer
431,LightSalmon,75.1,culture sense billion
432,Tan,28.6,relationship road east
433,LightBlue,67.0,claim job individual
434,White,40.9,tree themselves use
435,Peru,9.4,officer should step
436,White,56.0,clear task site
437,DarkBlue,98.1,specific television plan
438,Green,91.9,alone region inside
439,LavenderBlush,46.4,get share institution
440,SlateGray,92.6,director church phone
441,LawnGreen,84.7,next president song
442,Moccasin,70.5,recently ok money
443,MediumPurple,5.2,building recently test
444,LightCoral,65.8,present bar work
445,Purple,1.0,test fish not
446,Gold,30.5,shake nature moment
447,Silver,50.1,card up just
448,White,96.7,natural owner soldier
449,DarkOliveGreen,36.4,final risk memory
450,Green,12.5,power brother hold
451,DarkBlue,14.1,phone bed buy
452,DarkMagenta,81.2,night avoid government
453,Red,40.3,buy around think
454,SlateGray,5.2,fish support war
455,AntiqueWhite,52.8,civil stop she
456,DarkKhaki,28.3,daughter shake figure
457,Lavender,54.0,apply small maybe
458,Cornsilk,80.7,left play traditional
459,WhiteSmoke,59.1,big for company
460,Violet,68.7,save behind energy
461,LightGreen,75.1,ago bar inside
462,Navy,66.0,benefit floor policy
463,Khaki,89.6,community page nothing
464,Brown,91.7,sense suffer represent
465,DarkViolet,68.9,her term keep
466,LightCoral,7.6,mean keep as
467,PapayaWhip,62.3,them citizen building
468,YellowGreen,67.1,ball there future
469,Chocolate,27.0,agency day day
470,DarkGray,51.8,attack company heavy
471,CadetBlue,77.9,Mrs south human
472,MintCream,91.7,report compare various
473,Peru,82.3,white according speech
474,Tan,86.8,lead development force
475,Magenta,57.5,indicate item behavior
476,LightYellow,57.9,nothing into interview
477,Olive,20.3,drop continue himself
478,PowderBlue,31.5,senior hot morning
479,Purple,78.5,red themselves current
480,IndianRed,63.3,another character success
481,DarkSalmon,19.3,smile exactly glass
482,LightBlue,100.0,personal agent scene
483,Orange,24.9,blood save high
484,DarkCyan,56.2,buy hold school
485,LavenderBlush,26.2,table hotel prove
486,WhiteSmoke,22.2,which work current
487,DarkRed,25.5,item investment character
488,DarkOrchid,55.4,hotel start during
489,RoyalBlue,56.6,general section around
490,SkyBlue,52.2,city board right
491,MediumTurquoise,96.8,measure near why
492,MistyRose,83.4,there on over
493,Coral,56.0,seem agency that
494,DarkSeaGreen,53.5,subject need hospital
495,Black,49.2,their down land
496,Olive,7.1,outside manage join
497,Aqua,1.6,kid sound compare
498,FloralWhite,74.7,policy thank media
499,LightSeaGreen,57.6,forward they tree
500,GreenYellow,61.6,series meet main
501,Aquamarine,12.9,window education deep
502,Silver,74.2,price seven front
503,GoldenRod,40.2,owner away last
504,DarkGray,65.1,attack fish respond
505,Pink,79.4,modern activity develop
506,Thistle,13.1,base appear notice
507,Gainsboro,1.2,class gas food
508,Crimson,93.4,difficult college some
509,Aquamarine,61.8,early not own
510,MediumPurple,17.5,market why break
511,OldLace,22.6,everybody attention according
512,FireBrick,85.1,newspaper imagine east
513,SlateGray,58.4,teach play key
514,Red,5.5,help boy through
515,Ivory,66.1,interesting service pressure
516,DarkOliveGreen,35.9,expert surface discussion
517,DeepPink,44.8,sister magazine level
518,LightPink,48.9,spend cup water
519,DarkCyan,65.8,player eat member
520,SkyBlue,29.4,kind control relationship
521,Moccasin,11.7,woman else control
522,FloralWhite,73.3,detail situation will
523,MintCream,70.3,painting significant herself
524,Cyan,55.8,left billion movie
525,MediumOrchid,96.1,try white she
526,FloralWhite,67.4,fill popular daughter
527,YellowGreen,88.1,reason any huge
528,SaddleBrown,30.2,especially store raise
529,DarkSlateGray,42.0,nothing five would
530,PowderBlue,57.9,exactly third yes
531,DarkGoldenRod,92.2,laugh environment stuff
532,DarkOrchid,94.4,president simply few
533,Cornsilk,88.6,fact event join
534,Black,73.4,information power cup
535,DarkSeaGreen,58.8,bad design sense
536,OliveDrab,45.4,must either despite
537,LavenderBlush,42.6,bill lawyer success
538,MediumBlue,90.8,employee according list
539,DarkCyan,91.5,billion treat value
540,Purple,6.5,probably ask must
541,Orchid,8.5,at indeed up
542,RosyBrown,85.4,network current Republican
543,LavenderBlush,51.5,over decision industry
544,SlateBlue,23.1,particularly decision magazine
545,Black,12.8,direction live cell
546,MediumAquaMarine,90.7,side officer trouble
547,Crimson,66.3,simply citizen others
548,LightGray,70.4,through economy door
549,Moccasin,50.2,decade other he
550,MintCream,57.3,nothing one laugh
551,RosyBrown,8.9,language early else
552,AliceBlue,88.3,evidence boy candidate
553,DarkRed,93.1,then commercial coach
554,LightGray,54.0,short social tend
555,LightCoral,90.1,bill education lawyer
556,Lime,6.9,let day customer
557,YellowGreen,45.1,show through eye
558,LemonChiffon,60.3,north remember already
559,SeaShell,91.0,partner drug though
560,Aqua,29.0,thousand source pattern
561,OrangeRed,73.2,still government consider
562,Cyan,92.3,main man mind
563,Peru,9.9,value air Mrs
564,PaleTurquoise,45.2,instead condition pretty
565,PowderBlue,47.6,surface rate left
566,OliveDrab,54.9,door reality poor
567,DeepPink,71.1,close trial free
568,PaleGreen,38.3,draw far rise
569,LightYellow,57.0,most that financial
570,AliceBlue,60.0,happy child say
571,DarkCyan,52.2,care conference collection
572,BlueViolet,52.7,spend into natural
573,MintCream,66.3,budget game son
574,SeaShell,44.7,indicate time large
575,MidnightBlue,42.3,food position measure
576,GreenYellow,80.6,speech catch week
577,OliveDrab,42.0,respond majority many
578,ForestGreen,86.8,expert American bring
579,Thistle,22.0,water rise consider
580,NavajoWhite,67.5,investment subject window
581,SpringGreen,17.1,surface data sometimes
582,Silver,17.9,worry perform successful
583,BlueViolet,77.7,seek management wall
584,Black,31.8,expect environmental official
585,LightCoral,2.9,father address then
586,CadetBlue,70.2,nation seek design
587,MediumSeaGreen,70.8,take design president
588,LimeGreen,94.2,several seven high
589,DodgerBlue,86.5,from mother long
590,HoneyDew,28.5,evidence boy one
591,Fuchsia,94.1,fire trial challenge
592,PaleGreen,42.6,technology economy use
593,BurlyWood,64.6,agent product as
594,Blue,16.7,energy arrive race
595,Snow,99.2,least full believe
596,SlateGray,36.7,analysis maintain represent
597,MediumSpringGreen,10.3,establish fight add
598,AliceBlue,7.1,clear present physical
599,Snow,90.7,they administration similar
600,Magenta,74.9,finish today hear
601,Yellow,54.1,cost decide cut
602,Wheat,57.0,especially quickly someone
603,DarkKhaki,28.4,record live score
604,Black,65.4,always experience field
605,Teal,26.8,practice part protect
606,Chocolate,23.7,relationship eye room
607,LightGoldenRodYellow,7.3,yard old sport
608,DarkViolet,61.5,spend main statement
609,MidnightBlue,86.7,huge nearly whose
610,SlateGray,59.0,me particular she
611,HotPink,30.3,must nor how
612,Sienna,2.6,group majority study
613,SeaGreen,90.5,pull first enjoy
614,MediumBlue,38.2,by health compare
615,Tomato,46.1,on only always
616,CornflowerBlue,46.4,clearly window fall
617,HoneyDew,12.2,still serve cell
618,DarkSlateGray,47.1,including list blood
619,SeaGreen,4.5,time walk theory
620,GhostWhite,42.9,single town war
621,ForestGreen,29.2,glass eye civil
622,Yellow,83.7,health free east
623,DarkOliveGreen,4.5,even rather possible
624,CornflowerBlue,41.4,ask yeah money
625,PowderBlue,60.8,rest be year
626,MediumSpringGreen,20.0,brother speak yeah
627,DarkGreen,30.8,art value PM
628,AliceBlue,12.0,relate catch tonight
629,IndianRed,56.5,bar enter mean
630,LightYellow,30.3,move teach glass
631,Aqua,90.6,short happen third
632,Chocolate,6.6,pretty do thousand
633,Cyan,95.6,test right perhaps
634,WhiteSmoke,49.6,red travel employee
635,Yellow,6.5,people thing radio
636,SandyBrown,91.5,yourself partner area
637,NavajoWhite,39.8,or pattern dream
638,NavajoWhite,62.5,animal trouble job
639,GreenYellow,1.1,worry computer spend
640,Linen,50.7,agency himself yeah
641,SeaShell,46.9,part my team
642,LimeGreen,31.7,table both own
643,DarkBlue,45.7,tree sell church
644,PaleGoldenRod,84.0,design financial meeting
645,SeaGreen,55.0,hospital appear politics
646,YellowGreen,55.2,politics nearly decade
647,OliveDrab,44.6,character only various
648,BurlyWood,24.5,house commercial such
649,LightSkyBlue,16.7,big forward when
650,DarkViolet,85.0,goal say someone
651,Yellow,86.6,friend soon do
652,Aqua,65.3,dream identify recently
653,DarkOrchid,15.1,summer identify indicate
654,Snow,67.2,tree fish about
655,LightGoldenRodYellow,86.4,garden produce rather
656,GhostWhite,54.7,treatment wish wall
657,SaddleBrown,37.1,style inside today
658,Maroon,5.6,good deal prove
659,LightSlateGray,25.5,cost audience may
660,LightSalmon,42.2,long although very
661,Yellow,99.9,fly effort including
662,LightPink,28.4,participant natural data
663,SpringGreen,5.0,wife issue itself
664,DarkCyan,79.7,indeed whatever understand
665,White,10.7,go hospital middle
666,Chocolate,32.6,others discussion place
667,BlanchedAlmond,53.9,evening will some
668,LavenderBlush,5.2,born scientist guy
669,NavajoWhite,66.5,common control whatever
670,Maroon,68.8,paper up see
671,DarkOliveGreen,27.3,record design it
672,BurlyWood,15.5,result including off
673,LightGreen,1.9,parent save rule
674,MediumAquaMarine,6.9,discuss research action
675,Coral,32.2,social grow sea
676,DarkSalmon,20.8,address road chair
677,LightPink,45.1,edge poor agency
678,PeachPuff,31.8,rate however identify
679,Blue,2.7,training church oil
680,DarkBlue,43.6,make score easy
681,Snow,77.8,close common what
682,DarkGoldenRod,10.2,lead pull claim
683,Fuchsia,77.1,build party show
684,RoyalBlue,37.0,despite enjoy police
685,CornflowerBlue,49.0,message reveal simple
686,Blue,80.9,return note dark
687,Linen,86.6,stand success media
688,HotPink,7.5,when letter lose
689,MintCream,37.0,store owner may
690,LightSlateGray,60.2,foreign little make
691,MediumAquaMarine,96.1,risk star truth
692,GreenYellow,46.5,little suggest respond
693,PaleTurquoise,12.6,into size without
694,FloralWhite,34.4,tax also grow
695,DeepSkyBlue,54.6,property safe it
696,Yellow,86.1,expert strategy current
697,DarkOliveGreen,86.4,some share clear
698,Ivory,96.3,wind know quality
699,DarkSlateGray,90.0,million front daughter
700,DeepSkyBlue,7.6,certain remain top
701,OliveDrab,2.2,know million seek
702,Ivory,52.8,work look share
703,DarkGoldenRod,75.7,question wish loss
704,LightCoral,83.8,fight despite bed
705,GreenYellow,81.6,five letter business
706,DarkOrchid,31.2,fund fear leg
707,NavajoWhite,32.4,simple develop agent
708,PaleGoldenRod,71.4,wait happy partner
709,Bisque,62.3,how someone voice
710,IndianRed,96.7,eye could enter
711,RoyalBlue,30.3,century choose data
712,MediumVioletRed,58.5,deep question fish
713,Ivory,76.0,more mean three
714,Teal,57.5,wait body team
715,Plum,65.8,subject able senior
716,Ivory,46.2,economic war black
717,Olive,44.4,month tonight thousand
718,Purple,94.4,tend likely price
719,PeachPuff,9.5,pass fight although
720,Linen,37.6,small green region
721,Crimson,26.2,huge involve visit
722,Teal,25.5,also four use
723,Plum,24.9,reduce president push
724,Maroon,55.1,traditional candidate smile
725,SaddleBrown,89.3,born together me
726,MediumVioletRed,93.9,position upon ten
727,SteelBlue,17.3,message break never
728,RosyBrown,84.0,follow budget design
729,Fuchsia,96.9,experience off down
730,LightSalmon,37.3,special forget school
731,SpringGreen,29.5,should maintain student
732,IndianRed,34.5,yard pass common
733,PeachPuff,74.9,green few record
734,IndianRed,83.4,on check something
735,DarkSlateBlue,36.3,life seek point
736,CadetBlue,9.9,senior notice hour
737,CornflowerBlue,2.1,nation factor training
738,MediumSpringGreen,17.9,half scene this
739,PaleGoldenRod,37.4,drop particular individual
740,Cyan,3.0,worry set truth
741,SteelBlue,61.9,receive recent risk
742,BlueViolet,86.3,shoulder research reach
743,Moccasin,70.7,central over personal
744,LightCoral,6.2,choose attorney share
745,DarkSlateGray,62.5,apply doctor interview
746,SpringGreen,60.6,lead able subject
747,LightCoral,47.8,plant wish role
748,Moccasin,93.7,new others popular
749,LightGreen,78.5,take answer draw
750,MidnightBlue,17.2,create house clearly
751,DarkOrange,27.2,him both possible
752,OrangeRed,42.6,especially suffer begin
753,SaddleBrown,70.1,perform crime real
754,Aquamarine,94.7,billion record visit
755,Aqua,93.3,tend stock trouble
756,LightSlateGray,52.8,one discuss be
757,SkyBlue,82.4,agree military instead
758,LightSeaGreen,90.2,although big whether
759,DarkMagenta,7.6,behavior professional color
760,Gold,98.5,responsibility talk really
761,DarkKhaki,99.3,six blue choose
762,Gold,57.6,laugh for idea
763,MidnightBlue,46.6,few chance character
764,MediumSeaGreen,19.3,customer own policy
765,HotPink,62.8,material drug low
766,DarkOliveGreen,52.1,lay simple economic
767,MediumSlateBlue,3.5,who condition member
768,Indigo,4.2,bad bring author
769,DarkCyan,42.6,anyone try choice
770,Linen,19.1,wait necessary analysis
771,DarkOrchid,92.3,officer machine budget
772,MediumSpringGreen,25.0,least artist pattern
773,PowderBlue,62.0,everyone north agent
774,Olive,10.9,push need could
775,DarkSeaGreen,13.3,audience rather board
776,DarkSlateBlue,46.1,economic structure hard
777,SeaShell,69.7,during oil water
778,LimeGreen,74.8,too type along
779,AliceBlue,4.8,mean economy change
780,DeepPink,43.1,hospital hold camera
781,GreenYellow,29.6,face religious peace
782,Olive,32.2,citizen some owner
783,Coral,33.1,speak war note
784,DarkCyan,50.1,them wide just
785,GreenYellow,75.5,life field charge
786,Turquoise,17.8,necessary quality live
787,Chocolate,73.9,mother every week
788,BurlyWood,48.1,the point senior
789,MediumBlue,41.9,follow industry sort
790,LightSalmon,71.3,fact perhaps choice
791,Salmon,75.1,case case write
792,Orchid,70.6,and indicate perform
793,LightYellow,41.0,response first huge
794,AntiqueWhite,23.4,trouble dream employee
795,Chartreuse,56.8,population rise risk
796,Silver,22.9,country know consumer
797,LightSlateGray,36.9,work doctor manage
798,Gainsboro,72.2,writer off great
799,AntiqueWhite,60.1,key ground house
800,NavajoWhite,81.9,leader upon staff
801,WhiteSmoke,96.0,common say image
802,LimeGreen,68.8,market myself not
803,OldLace,93.2,according minute late
804,LemonChiffon,48.7,wide individual nor
805,DarkKhaki,89.5,it consider parent
806,Tomato,29.3,century seek against
807,LightGoldenRodYellow,68.4,point gun health
808,LightSalmon,72.8,dinner until adult
809,LightCyan,41.5,yet feeling we
810,White,72.7,actually forward significant
811,MidnightBlue,7.9,check clear country
812,FloralWhite,4.3,carry design might
813,DarkSeaGreen,19.0,huge single building
814,DarkSeaGreen,54.1,choose military lay
815,Blue,91.9,trouble chair less
816,MediumOrchid,52.1,benefit man throughout
817,Chartreuse,92.9,others enjoy we
818,Wheat,26.8,wife little speak
819,Gainsboro,42.7,voice treatment right
820,Cornsilk,2.3,fire tax possible
821,DarkGoldenRod,53.0,record feel offer
822,Azure,98.4,in trouble street
823,DodgerBlue,4.7,floor tell movement
824,Lavender,5.2,type single radio
825,LightGray,37.2,economic represent I
826,Green,74.5,which moment or
827,Salmon,98.3,wide pay accept
828,HoneyDew,66.7,call perform house
829,LightCoral,49.3,apply maybe movement
830,Violet,73.1,poor although throughout
831,MediumSeaGreen,96.5,nice arm usually
832,FloralWhite,17.2,bit recent because
833,DarkSeaGreen,16.2,about production way
834,Violet,62.5,perform often address
835,DarkSlateGray,41.1,possible alone that
836,RoyalBlue,34.3,return bank weight
837,BurlyWood,68.0,theory chance drive
838,AntiqueWhite,74.4,summer some sometimes
839,Lime,13.5,cost kind unit
840,DarkOrchid,82.8,join talk keep
841,Lime,23.2,size town certainly
842,DarkRed,56.9,lawyer can white
843,PowderBlue,10.2,pass as old
844,LemonChiffon,98.0,red operation special
845,MediumPurple,48.8,pattern current factor
846,LawnGreen,67.8,available radio end
847,Navy,43.2,goal try because
848,PeachPuff,86.7,night strategy issue
849,Turquoise,48.1,as task lot
850,Maroon,85.3,measure skill technology
851,Ivory,65.4,politics him around
852,MediumSlateBlue,17.1,deal article he
853,AliceBlue,61.6,space mission between
854,FireBrick,11.7,bill impact eight
855,DarkGray,21.7,a effect possible
856,SkyBlue,64.9,particular particularly free
857,Cornsilk,30.4,laugh upon market
858,LemonChiffon,25.7,week bad how
859,PowderBlue,17.1,science major deep
860,LightPink,30.5,source sound arm
861,Blue,35.1,point sing your
862,Gainsboro,82.4,unit what success
863,Orchid,89.5,think article stuff
864,WhiteSmoke,96.0,cover study require
865,ForestGreen,44.0,painting front we
866,NavajoWhite,26.8,morning eat catch
867,SeaGreen,14.2,environmental ok group
868,Yellow,41.7,candidate scientist man
869,DeepSkyBlue,12.1,give radio alone
870,LightSeaGreen,83.0,kid culture dark
871,GoldenRod,36.7,summer job her
872,Violet,86.9,give visit throughout
873,Indigo,18.8,suddenly argue skin
874,Tomato,28.2,police identify page
875,LightGray,9.4,analysis audience church
876,MediumPurple,65.1,technology group war
877,MediumAquaMarine,50.6,station professional way
878,IndianRed,46.9,interesting serve reality
879,Green,22.5,open interest possible
880,Navy,89.7,lot owner yes
881,OliveDrab,15.1,choose range their
882,LightSteelBlue,42.6,her food check
883,OldLace,74.5,green resource official
884,Chocolate,7.7,whatever ask reach
885,DarkSeaGreen,27.7,senior paper public
886,PeachPuff,68.1,son happy stop
887,Beige,38.8,focus theory current
888,DeepSkyBlue,45.1,seem indicate group
889,RosyBrown,29.1,individual seem address
890,Pink,29.5,community into teach
891,Gainsboro,45.6,at thought can
892,Cyan,51.6,quickly full from
893,Cyan,67.3,spring less control
894,SteelBlue,9.0,attorney medical low
895,PaleGoldenRod,14.2,compare magazine measure
896,PapayaWhip,14.7,civil next half
897,Khaki,95.0,system use employee
898,Black,42.3,cost know guess
899,Violet,42.8,clear force realize
900,YellowGreen,62.2,need phone manage
901,DarkSalmon,16.9,consumer sign amount
902,Lavender,21.7,church figure piece
903,LightSalmon,32.1,part hair believe
904,Blue,85.3,term sea something
905,LemonChiffon,64.2,such coach soldier
906,Bisque,33.6,yeah technology close
907,MediumVioletRed,25.0,site boy sound
908,Peru,50.0,technology throw sell
909,HoneyDew,36.2,contain several face
910,WhiteSmoke,59.0,part hair room
911,Navy,45.8,growth end see
912,Magenta,92.0,she ground structure
913,MediumSlateBlue,98.9,fall senior maybe
914,DarkOrange,26.5,land its situation
915,DeepPink,36.3,dream short require
916,Olive,45.2,without production picture
917,PaleGoldenRod,96.6,policy wait that
918,LightBlue,40.9,later hold difficult
919,Aqua,21.4,set guess know
920,DarkBlue,44.2,sport such coach
921,AntiqueWhite,22.4,government majority whom
922,LightSteelBlue,77.0,themselves east since
923,SlateBlue,11.7,major stand indeed
924,OliveDrab,25.9,billion course skill
925,Gainsboro,41.1,heart wait story
926,LightCyan,6.4,mouth do both
927,DarkSeaGreen,37.1,why bar talk
928,Plum,74.6,public be relate
929,PeachPuff,20.8,maintain call dog
930,Purple,61.5,support story enjoy
931,MediumBlue,24.1,exist type various
932,Wheat,66.1,house effect everybody
933,LawnGreen,28.3,cover reflect wait
934,HoneyDew,42.5,since stuff blood
935,NavajoWhite,42.6,technology scene international
936,DarkMagenta,16.9,effect reach fight
937,Thistle,15.5,take week force
938,LimeGreen,10.4,successful amount owner
939,MediumSlateBlue,72.6,possible issue television
940,ForestGreen,36.3,capital make price
941,OliveDrab,36.8,everyone smile threat
942,DarkOrange,77.9,call television Mrs
943,LimeGreen,1.3,down interview economic
944,PaleGreen,31.2,then may magazine
945,DarkKhaki,74.1,while rest instead
946,YellowGreen,44.1,low figure garden
947,Orange,43.5,church American blue
948,Salmon,94.3,three plan analysis
949,Violet,24.4,green wait will
950,AliceBlue,62.8,commercial better western
951,PaleTurquoise,24.1,her bag better
952,Cornsilk,82.9,story reduce way
953,Pink,25.9,anything particular prevent
954,Tomato,25.5,every sit gun
955,DarkGoldenRod,44.9,magazine movement determine
956,RosyBrown,4.3,resource house environment
957,FloralWhite,90.6,fear in field
958,Aquamarine,38.7,detail game else
959,IndianRed,82.2,successful hard investment
960,DarkKhaki,25.4,lose all analysis
961,MediumPurple,1.1,production process trial
962,DarkGray,56.1,know call better
963,DarkTurquoise,26.5,allow heavy economic
964,IndianRed,1.1,large Republican claim
965,SeaGreen,63.1,practice kind season
966,MistyRose,7.0,realize authority ever
967,MidnightBlue,72.9,form teach business
968,LawnGreen,13.8,support various too
969,Orange,31.8,daughter another middle
970,FloralWhite,82.2,power certain blood
971,ForestGreen,21.9,make you all
972,DeepSkyBlue,11.5,record up positive
973,Khaki,24.1,among even as
974,PaleGreen,42.9,trip their small
975,LightCoral,79.6,material operation someone
976,MediumVioletRed,1.5,five them item
977,YellowGreen,14.3,purpose evidence then
978,DarkMagenta,76.5,affect last push
979,LightYellow,50.5,own fear call
980,DarkOliveGreen,20.5,front we beautiful
981,DarkSlateBlue,93.3,part any they
982,Moccasin,91.9,carry even others
983,Lime,32.8,until industry local
984,Tomato,30.0,citizen stuff crime
985,DarkOliveGreen,28.9,necessary agreement hope
986,YellowGreen,67.6,age improve American
987,LemonChiffon,56.0,dinner fast yes
988,DarkBlue,33.8,Mrs hold road
989,Indigo,68.9,me PM amount
990,LightYellow,90.8,day position foot
991,DeepSkyBlue,5.3,affect structure huge
992,LightSalmon,47.7,bed amount third
993,MediumTurquoise,29.6,forget home response
994,Chartreuse,17.2,sister above about
995,SlateGray,2.2,agree front factor
996,DarkOrange,4.2,likely happy account
997,PaleGreen,88.6,situation choose central
998,DarkViolet,52.9,both that me
999,SandyBrown,8.2,choose allow assume
